緯度,経度,情報
35.456766,139.523212,1
35.457028,139.522992,1
35.456915,139.523303,1
35.457163,139.522831,1
35.456809,139.522987,1
35.456757,139.522499,1
35.474155,139.517446,1
35.474194,139.517977,1
35.473849,139.518202,1
35.485081,139.536791,1
35.48474,139.536904,1
35.484954,139.537285,1
35.484391,139.536668,1
35.484199,139.53647,1
35.484282,139.535826,1
35.479183,139.52915,1
35.47893,139.529263,1
35.479035,139.528512,1
35.45715,139.556166,1
35.457341,139.556789,1
35.457473,139.556826,1
35.45921468,139.5507632,1
35.45988321,139.5510261,1
35.45958101,139.5510715,1
35.46172972,139.549196,1
35.462084,139.549322,1
35.46194648,139.5501485,1
35.462377,139.549853,1
35.47348,139.510298,1
35.473105,139.510685,1
35.473196,139.510685,1
35.461713,139.558861,1
35.462128,139.559311,1
35.502699,139.501773,1
35.502961,139.502336,1
35.503293,139.502261,1
35.508659,139.500575,1
35.508471,139.500436,1
35.508689,139.500865,1
35.508292,139.500575,1
35.508327,139.501289,1
35.50558,139.49078,1
35.505742,139.491638,1
35.50534,139.491552,1
35.462141,139.553819,1
35.461821,139.553689,1
35.498603,139.502939,1
35.498279,139.503105,1
35.495319,139.539783,1
35.495538,139.539472,1
35.495739,139.539525,1
35.495713,139.539826,1
35.495857,139.537515,1
35.49546,139.537038,1
35.495722,139.537075,1
35.495355,139.537423,1
35.498188,139.532361,1
35.498568,139.532871,1
35.497695,139.532313,1
35.496545,139.531752,1
35.496851,139.531683,1
35.49686,139.532192,1
35.496694,139.532257,1
35.493944,139.520657,1
35.493616,139.520223,1
35.464832,139.547568,1
35.46437,139.547611,1
35.464099,139.547616,1
35.45142,139.516388,1
35.451242,139.516432,1
35.452543,139.533397,1
35.452534,139.534127,1
35.452748,139.533885,1
35.458877,139.512046,1
35.458558,139.512009,1
35.459078,139.512604,1
35.458523,139.512851,1
35.47493,139.522137,1
35.474821,139.522153,1
35.474393,139.521858,1
35.474664,139.522319,1
35.487842,139.544417,1
35.487475,139.544793,1
35.487772,139.544868,1
35.487623,139.543881,1
35.487192,139.544004,1
35.465892,139.522363,1
35.465582,139.522491,1
35.472053,139.551523,1
35.471778,139.551389,1
35.471944,139.552043,1
35.481851,139.54269,1
35.481567,139.542573,1
35.481908,139.542074,1
35.482126,139.541612,1
35.485265,139.521155,1
35.484837,139.521627,1
35.485619,139.5213,1
35.464482,139.511563,1
35.464203,139.511124,1
35.456859,139.509394,1
35.457257,139.508798,1
35.456829,139.509705,1
35.457122,139.509512,1
35.458432,139.538456,1
35.458109,139.538998,1
35.464302,139.528965,1
35.46411,139.529496,1
35.463913,139.529475,1
35.463913,139.529126,1
35.483673,139.550143,1
35.4837,139.549912,1
35.483486,139.550405,1
35.468952,139.544256,1
35.469183,139.544326,1
35.469009,139.544852,1
35.4689,139.544068,1
35.458048,139.536506,1
35.457231,139.536056,1
35.457747,139.535761,1
35.457319,139.535879,1
35.458131,139.536007,1
35.408072,139.614197,1
35.407691,139.614277,1
35.407862,139.614513,1
35.405884,139.613045,1
35.405442,139.613029,1
35.406015,139.613694,1
35.405783,139.613329,1
35.416785,139.617986,1
35.416435,139.618292,1
35.41653438,139.6170756,1
35.41614,139.617219,1
35.416955,139.617391,1
35.42138,139.611301,1
35.421109,139.612089,1
35.420886,139.611301,1
35.422011,139.621131,1
35.42188,139.620654,1
35.414191,139.622564,1
35.4143,139.622559,1
35.414244,139.622108,1
35.407146,139.611093,1
35.406529,139.61126,1
35.407198,139.611641,1
35.407076,139.611346,1
35.407373,139.61126,1
35.400871,139.606535,1
35.4006,139.606305,1
35.400455,139.606127,1
35.40038,139.606418,1
35.40054067,139.6060903,1
35.40004,139.606202,1
35.400997,139.607034,1
35.401181,139.606787,1
35.36946,139.609512,1
35.369351,139.609259,1
35.36918,139.609297,1
35.369561,139.609061,1
35.397451,139.616047,1
35.397508,139.61587,1
35.391118,139.614069,1
35.390825,139.613704,1
35.391311,139.613774,1
35.391477,139.613924,1
35.390694,139.614112,1
35.392742,139.605471,1
35.392458,139.605053,1
35.38534,139.616547,1
35.38489,139.616938,1
35.385629,139.616922,1
35.384916,139.616622,1
35.378407,139.611202,1
35.379151,139.611111,1
35.378998,139.610961,1
35.378779,139.610483,1
35.37877,139.611229,1
35.37805,139.619924,1
35.377805,139.619994,1
35.37753,139.619967,1
35.377748,139.619693,1
35.377809,139.620187,1
35.377547,139.619699,1
35.415375,139.631654,1
35.414968,139.631075,1
35.415086,139.631606,1
35.417984,139.632561,1
35.417411,139.632931,1
35.417734,139.632947,1
35.418124,139.632942,1
35.41811,139.633097,1
35.384709,139.595704,1
35.383996,139.595393,1
35.384521,139.595698,1
35.384337,139.595763,1
35.384232,139.595591,1
35.38260322,139.5898185,1
35.38236,139.590066,1
35.382111,139.589621,1
35.38222,139.589573,1
35.376113,139.599989,1
35.37677,139.599903,1
35.376442,139.600026,1
35.376262,139.599833,1
35.376166,139.599935,1
35.376547,139.599989,1
35.373279,139.597403,1
35.373113,139.597333,1
35.372925,139.596797,1
35.373353,139.597086,1
35.36186,139.532068,1
35.36221,139.531483,1
35.353571,139.564586,1
35.354385,139.564436,1
35.353908,139.564517,1
35.352089,139.5637,1
35.3524,139.563501,1
35.352689,139.563909,1
35.352089,139.563571,1
35.364785,139.549988,1
35.364872,139.550519,1
35.364421,139.549752,1
35.364964,139.551115,1
35.364128,139.549849,1
35.358149,139.571619,1
35.357419,139.571689,1
35.357471,139.571689,1
35.357685,139.571716,1
35.357983,139.57163,1
35.357436,139.572107,1
35.35416,139.554153,1
35.354366,139.55382,1
35.380383,139.558135,1
35.380186,139.557727,1
35.363964,139.543287,1
35.363557,139.542557,1
35.363859,139.542858,1
35.365152,139.541236,1
35.365441,139.54137,1
35.365804,139.541912,1
35.365602,139.542421,1
35.353205,139.584397,1
35.353047,139.584853,1
35.352462,139.585539,1
35.351924,139.585351,1
35.36614,139.572956,1
35.366118,139.572382,1
35.365908,139.572741,1
35.363146,139.561872,1
35.363203,139.561068,1
35.362923,139.561883,1
35.381885,139.535634,1
35.382602,139.535999,1
35.382182,139.536031,1
35.382554,139.535581,1
35.371607,139.519793,1
35.371594,139.520308,1
35.371375,139.520399,1
35.372394,139.53175,1
35.372761,139.532147,1
35.373041,139.532329,1
35.372604,139.531921,1
35.372689,139.534535,1
35.373244,139.535302,1
35.373104,139.534706,1
35.372995,139.535495,1
35.371452,139.549366,1
35.371207,139.548711,1
35.37732,139.548612,1
35.377333,139.548027,1
35.376795,139.547887,1
35.377036,139.54822,1
35.377189,139.548386,1
35.345794,139.578683,1
35.34638,139.578925,1
35.346424,139.579547,1
35.346061,139.578893,1
35.34384016,139.5934124,1
35.34355938,139.5931459,1
35.3440747,139.5938677,1
35.34342811,139.5930922,1
35.344437,139.616643,1
35.344586,139.617104,1
35.344599,139.617399,1
35.343342,139.60773,1
35.343168,139.608148,1
35.343833,139.608159,1
35.343627,139.607558,1
35.339066,139.605561,1
35.338681,139.606023,1
35.333739,139.607841,1
35.333481,139.607847,1
35.333958,139.607787,1
35.340444,139.630932,1
35.340085,139.631136,1
35.340531,139.630911,1
35.340326,139.631276,1
35.339735,139.630627,1
35.340089,139.630814,1
35.352793,139.629346,1
35.353165,139.628702,1
35.352347,139.629271,1
35.347665,139.633069,1
35.347591,139.633466,1
35.34746,139.633445,1
35.347893,139.633155,1
35.33079,139.601035,1
35.330475,139.60155,1
35.33061,139.601824,1
35.330877,139.60141,1
35.326712,139.610384,1
35.326515,139.611499,1
35.32645,139.610995,1
35.326681,139.611,1
35.335828,139.629126,1
35.335916,139.629995,1
35.335946,139.629872,1
35.335798,139.629271,1
35.335307,139.629984,1
35.335684,139.62985,1
35.335715,139.629689,1
35.338749,139.621968,1
35.338832,139.622633,1
35.338919,139.622295,1
35.339103,139.622332,1
35.338762,139.621694,1
35.338705,139.621324,1
35.338731,139.622161,1
35.338718,139.622397,1
35.338884,139.621227,1
35.323281,139.594661,1
35.323123,139.594843,1
35.323386,139.594661,1
35.322874,139.59473,1
35.323342,139.595042,1
35.357964,139.622091,1
35.357772,139.622338,1
35.358174,139.622488,1
35.353214,139.615818,1
35.353291,139.61505,1
35.352965,139.615673,1
35.371755,139.620198,1
35.37228,139.62015,1
35.371939,139.619881,1
35.371891,139.620439,1
35.36172,139.613514,1
35.362088,139.613724,1
35.362109,139.614357,1
35.36679,139.625601,1
35.366427,139.625633,1
35.366278,139.624394,1
35.366711,139.624695,1
35.366493,139.641828,1
35.367084,139.640852,1
35.366624,139.641254,1
35.372752,139.638706,1
35.372791,139.639129,1
35.373255,139.638754,1
35.355469,139.641472,1
35.356358,139.641343,1
35.355789,139.641375,1
35.359808,139.640629,1
35.359322,139.641042,1
35.359711,139.641374,1
35.324727,139.617975,1
35.325025,139.618254,1
35.324762,139.61849,1
35.32503629,139.6181829,1
35.324587,139.617659,1
35.32495,139.61834,1
35.329538,139.612653,1
35.330181,139.613157,1
35.329945,139.612642,1
35.330286,139.61284,1
35.329481,139.613006,1
35.319011,139.619923,1
35.319392,139.620164,1
35.318718,139.61981,1
35.31544,139.610658,1
35.315861,139.610722,1
35.315835,139.61143,1
35.382541,139.541847,1
35.382217,139.541692,1
35.382371,139.542121,1
35.381964,139.542797,1
35.382187,139.542287,1
35.401656,139.537498,1
35.401451,139.538549,1
35.402002,139.537739,1
35.402006,139.537975,1
35.40163,139.538817,1
35.401722,139.538817,1
35.401726,139.538538,1
35.401726,139.538013,1
35.401442,139.53804,1
35.399507,139.521166,1
35.399219,139.521295,1
35.399,139.521225,1
35.399555,139.52085,1
35.399485,139.521429,1
35.399468,139.521574,1
35.397696,139.513807,1
35.397167,139.513866,1
35.397705,139.514166,1
35.39906,139.507283,1
35.398596,139.507642,1
35.399082,139.50739,1
35.398981,139.507122,1
35.377928,139.502741,1
35.378374,139.503353,1
35.378256,139.503664,1
35.378212,139.502768,1
35.378575,139.502403,1
35.378374,139.502382,1
35.379791,139.503092,1
35.378921,139.50372,1
35.379135,139.503328,1
35.379559,139.503264,1
35.379568,139.503795,1
35.397632,139.532576,1
35.39747,139.53301,1
35.397662,139.532211,1
35.397072,139.532179,1
35.396928,139.531927,1
35.397605,139.532994,1
35.397299,139.532645,1
35.39733,139.532195,1
35.396989,139.532173,1
35.381142,139.518075,1
35.38112,139.518622,1
35.386681,139.523648,1
35.386134,139.523755,1
35.386458,139.524077,1
35.386821,139.524195,1
35.388231,139.525298,1
35.388507,139.525786,1
35.388454,139.525598,1
35.388179,139.525722,1
35.401776,139.523324,1
35.401771,139.523812,1
35.400879,139.524101,1
35.401443,139.523983,1
35.400661,139.523806,1
35.426652,139.545665,1
35.426691,139.54552,1
35.426433,139.545101,1
35.421241,139.544573,1
35.420905,139.544374,1
35.420695,139.543699,1
35.376416,139.511779,1
35.376464,139.511677,1
35.376924,139.511457,1
35.389282,139.541672,1
35.389553,139.540905,1
35.389549,139.541275,1
35.389593,139.540626,1
35.42354,139.528431,1
35.423706,139.528055,1
35.423322,139.528715,1
35.423549,139.528855,1
35.38338703,139.5000757,1
35.38337609,139.4993112,1
35.38309181,139.499912,1
35.38335641,139.4997592,1
35.38812,139.496548,1
35.387932,139.496307,1
35.3884,139.49701,1
35.388304,139.496747,1
35.387595,139.496382,1
35.388518,139.496913,1
35.392004,139.502792,1
35.391624,139.502883,1
35.39242,139.502819,1
35.42885,139.553503,1
35.429068,139.554211,1
35.428824,139.554689,1
35.411122,139.522351,1
35.410794,139.522227,1
35.411454,139.522136,1
35.36811,139.496693,1
35.368127,139.49613,1
35.368075,139.496344,1
35.388822,139.554728,1
35.389325,139.554814,1
35.415102,139.552127,1
35.414919,139.551897,1
35.415024,139.551457,1
35.41456,139.55188,1
35.415015,139.552041,1
35.426507,139.557499,1
35.426358,139.557424,1
35.425746,139.557966,1
35.433948,139.560322,1
35.434044,139.560676,1
35.409736,139.544225,1
35.409714,139.544821,1
35.409491,139.544719,1
35.409483,139.544306,1
35.409614,139.544831,1
35.407176,139.550649,1
35.407154,139.551057,1
35.436397,139.568208,1
35.43635347,139.5688097,1
35.436878,139.568638,1
35.43616937,139.5685092,1
35.43621771,139.5684232,1
35.436982,139.569306,1
35.436309,139.569815,1
35.436822,139.569805,1
35.436291,139.569638,1
35.423398,139.567707,1
35.423057,139.567943,1
35.426663,139.564143,1
35.426803,139.56373,1
35.431096,139.540599,1
35.43107,139.541178,1
35.433957,139.543578,1
35.434276,139.543433,1
35.40716,139.523271,1
35.407833,139.523598,1
35.407433,139.523727,1
35.40758,139.523416,1
35.411342,139.559223,1
35.411696,139.559496,1
35.411425,139.559298,1
35.411411,139.559631,1
35.401173,139.568206,1
35.40088,139.568432,1
35.394913,139.565118,1
35.394632,139.5648489,1
35.395398,139.565043,1
35.41727,139.573793,1
35.417493,139.573771,1
35.417078,139.574024,1
35.417624,139.574227,1
35.415379,139.574147,1
35.414701,139.573658,1
35.414985,139.57346,1
35.415536,139.573819,1
35.414972,139.573384,1
35.412303,139.571369,1
35.412911,139.571686,1
35.396794,139.592217,1
35.397607,139.592164,1
35.397174,139.591906,1
35.39653,139.592858,1
35.396538,139.592755,1
35.396521,139.593346,1
35.39625,139.592948,1
35.396761,139.592632,1
35.379228,139.582924,1
35.379009,139.582462,1
35.379123,139.582023,1
35.3796,139.582634,1
35.375988,139.574091,1
35.3765,139.574197,1
35.375398,139.568769,1
35.375083,139.569193,1
35.374768,139.568715,1
35.371801,139.579487,1
35.372278,139.579251,1
35.371919,139.579229,1
35.371792,139.579101,1
35.37216,139.579235,1
35.371639,139.579229,1
35.371651,139.586993,1
35.371712,139.586355,1
35.371454,139.586494,1
35.371458,139.586071,1
35.370846,139.587668,1
35.370299,139.586874,1
35.370001,139.587207,1
35.370688,139.587099,1
35.401452,139.590302,1
35.402314,139.591037,1
35.401124,139.590275,1
35.401951,139.590678,1
35.401347,139.590618,1
35.390187,139.601591,1
35.390043,139.601634,1
35.390393,139.601789,1
35.390672,139.601585,1
35.40251,139.580719,1
35.402654,139.580338,1
35.405813,139.570328,1
35.405603,139.569915,1
35.406093,139.57057,1
35.405603,139.56984,1
35.410394,139.569114,1
35.409537,139.569624,1
35.409952,139.569136,1
35.409921,139.569527,1
35.410175,139.569275,1
35.404609,139.604239,1
35.404211,139.603863,1
35.404517,139.603751,1
35.412254,139.593171,1
35.412499,139.593745,1
35.412112,139.594029,1
35.408582,139.581738,1
35.408114,139.581941,1
35.408,139.581866,1
35.40642744,139.5790791,1
35.406046,139.578551,1
35.393953,139.5596,1
35.393822,139.559814,1
35.394373,139.559616,1
35.394128,139.559916,1
35.386462,139.557632,1
35.386904,139.557144,1
35.386646,139.557482,1
35.397381,139.583106,1
35.397434,139.583605,1
35.397159,139.58368,1
35.397298,139.58301,1
35.387216,139.580024,1
35.3875,139.579751,1
35.387334,139.580077,1
35.374818,139.561516,1
35.375107,139.562181,1
35.374914,139.561565,1
35.388204,139.574542,1
35.388488,139.574574,1
35.387906,139.574923,1
35.392995,139.571584,1
35.393187,139.571042,1
35.393209,139.571793,1
35.392693,139.571579,1
35.386758,139.569949,1
35.386993,139.570936,1
35.387138,139.570448,1
35.386775,139.570587,1
35.5576207,139.6298805,1
35.55729776,139.6299341,1
35.55724103,139.6303794,1
35.50015721,139.6363065,1
35.50004366,139.6359095,1
35.49996505,139.635593,1
35.49948465,139.6347293,1
35.51339272,139.6356459,1
35.51307833,139.6347876,1
35.51318749,139.6352972,1
35.512991,139.6354796,1
35.5374492,139.6284016,1
35.53737499,139.6285035,1
35.53730952,139.6278813,1
35.53706943,139.6277472,1
35.53717856,139.6286645,1
35.53665909,139.6278437,1
35.5369341,139.6277633,1
35.53742301,139.6280583,1
35.5370607,139.6288147,1
35.54378734,139.6303445,1
35.54418891,139.6306128,1
35.54374369,139.6310741,1
35.54390956,139.6311331,1
35.54369131,139.630704,1
35.54385282,139.630763,1
35.54401432,139.6308166,1
35.53765507,139.6403184,1
35.53782531,139.6406831,1
35.53770745,139.6404471,1
35.53721854,139.6405437,1
35.53735823,139.6405705,1
35.53777293,139.6405812,1
35.53727966,139.6406188,1
35.53744554,139.640372,1
35.53731894,139.6404632,1
35.53787769,139.6407958,1
35.53793007,139.6409084,1
35.53711814,139.6407743,1
35.55635059,139.6179673,1
35.55679137,139.6173021,1
35.55262351,139.6251068,1
35.55232673,139.6249781,1
35.55249258,139.6251336,1
35.52381051,139.6393733,1
35.52362278,139.6385794,1
35.52322984,139.6385579,1
35.52315125,139.6386223,1
35.52332589,139.6384882,1
35.52383671,139.6389173,1
35.52397205,139.6394323,1
35.5239022,139.6390514,1
35.50200367,139.6150352,1
35.50168923,139.6146436,1
35.50163246,139.6154322,1
35.50178094,139.6154536,1
35.501401,139.6152444,1
35.50286283,139.6272969,1
35.50319036,139.6269696,1
35.5028934,139.6269214,1
35.50538457,139.5982028,1
35.50555488,139.5979131,1
35.50552637,139.5874554,1
35.50583206,139.5874286,1
35.50523378,139.5874178,1
35.50525125,139.5876324,1
35.52247127,139.6084116,1
35.52267647,139.6079288,1
35.52237958,139.6079985,1
35.53316305,139.6096427,1
35.53303645,139.6098251,1
35.53328091,139.6100557,1
35.53284,139.6098787,1
35.5496502,139.6121813,1
35.549576,139.612766,1
35.54979859,139.6128357,1
35.54115847,139.6220668,1
35.54121958,139.6227213,1
35.54073506,139.6220507,1
35.54127196,139.6230753,1
35.54066085,139.6232201,1
35.54119775,139.6223779,1
35.54092712,139.6220239,1
35.53846705,139.6179038,1
35.53819641,139.6182096,1
35.53807419,139.6182203,1
35.53844086,139.6175337,1
35.53203947,139.6303779,1
35.53173824,139.629702,1
35.53128423,139.6300936,1
35.53193906,139.6297932,1
35.53208749,139.6301955,1
35.51899283,139.6261384,1
35.51905396,139.6257629,1
35.51859551,139.6264978,1
35.51885311,139.6262886,1
35.51885311,139.6254786,1
35.52422458,139.619068,1
35.52442104,139.61895,1
35.52439485,139.6197815,1
35.52461751,139.6193202,1
35.52430753,139.6192987,1
35.51582966,139.6220959,1
35.5163187,139.6221012,1
35.51601305,139.6218867,1
35.52862477,139.6425605,1
35.5282144,139.6418363,1
35.52868153,139.6429682,1
35.528341,139.6422869,1
35.52843268,139.6422976,1
35.52852436,139.6423083,1
35.52820567,139.6420455,1
35.52862477,139.6427643,1
35.52819257,139.6422493,1
35.52859858,139.6429682,1
35.52852873,139.6420133,1
35.52852,139.6421635,1
35.52854619,139.6418309,1
35.52876011,139.6418792,1
35.50520379,139.6024949,1
35.50504658,139.602967,1
35.50516012,139.6028221,1
35.50497234,139.6030904,1
35.5048719,139.602216,1
35.5049505,139.6022803,1
35.50510771,139.6024145,1
35.50520816,139.6027256,1
35.55428015,139.657994,1
35.55412304,139.6574952,1
35.55402702,139.6579726,1
35.55385245,139.6579028,1
35.5542496,139.657876,1
35.55238562,139.6437665,1
35.55253838,139.6438147,1
35.55280024,139.6434768,1
35.55269549,139.6429242,1
35.55270161,139.6352628,1
35.55262741,139.6350268,1
35.55266669,139.6347532,1
35.55290237,139.6351663,1
35.55250521,139.6353218,1
35.54474106,139.6387118,1
35.54463194,139.6388513,1
35.54489383,139.6392536,1
35.54447481,139.6399456,1
35.54476725,139.6389157,1
35.54477162,139.6396613,1
35.5443264,139.6398812,1
35.54483207,139.6456133,1
35.544916,139.645167,1
35.48811514,139.5869924,1
35.48824618,139.5869549,1
35.48855193,139.5872553,1
35.48368453,139.6366447,1
35.48397283,139.6364355,1
35.4734824,139.6257063,1
35.47348677,139.6255668,1
35.47315475,139.6259853,1
35.47331639,139.6262159,1
35.47702242,139.6243913,1
35.47710979,139.623828,1
35.47148631,139.6310518,1
35.47194504,139.6309982,1
35.47168728,139.6311323,1
35.47140768,139.6305154,1
35.4823075,139.6233613,1
35.48187068,139.623136,1
35.48224198,139.6230018,1
35.48025942,139.6152916,1
35.48003663,139.6156242,1
35.48039483,139.6154847,1
35.48057394,139.6151306,1
35.47983569,139.6158173,1
35.48038173,139.614739,1
35.4802201,139.6150609,1
35.47614215,139.6078024,1
35.47570966,139.6086446,1
35.47604604,139.608371,1
35.47576646,139.6080599,1
35.49073993,139.6548759,1
35.49026384,139.6550798,1
35.49040798,139.6545701,1
35.4850306,139.6122083,1
35.48551545,139.6123424,1
35.4822475,139.6028617,1
35.48203782,139.6032748,1
35.48767154,139.6095934,1
35.48781568,139.6085796,1
35.48771959,139.609395,1
35.48787247,139.6089551,1
35.49409664,139.5878935,1
35.49383022,139.5880813,1
35.49357253,139.5881028,1
35.49421893,139.5881403,1
35.49344587,139.5885426,1
35.49646414,139.5781029,1
35.49619806,139.5781791,1
35.49588763,139.5780921,1
35.49597061,139.5777917,1
35.4992829,139.6464517,1
35.49907327,139.6468701,1
35.49925233,139.6463391,1
35.49898593,139.6465858,1
35.49933968,139.6466716,1
35.49725626,139.6457468,1
35.49722132,139.6452693,1
35.49624737,139.6506314,1
35.49649195,139.6510981,1
35.4958805,139.6509748,1
35.49632162,139.6511142,1
35.49194422,139.6386047,1
35.49233731,139.6382131,1
35.49169963,139.6384705,1
35.49543262,139.6373448,1
35.49581259,139.6382192,1
35.4955025,139.6377793,1
35.47729987,139.6357282,1
35.4775183,139.635578,1
35.47751393,139.6359482,1
35.47777604,139.6356424,1
35.49138839,139.6321939,1
35.49138839,139.6317165,1
35.49204791,139.6318506,1
35.48593233,139.6407049,1
35.48605464,139.6417187,1
35.48589302,139.6418582,1
35.48579256,139.6411877,1
35.48035445,139.6283804,1
35.48066897,139.628536,1
35.48034134,139.6290242,1
35.48068644,139.6289974,1
35.48974083,139.6204232,1
35.48985003,139.6215658,1
35.48960106,139.6216946,1
35.48993738,139.6204018,1
35.48993738,139.6210723,1
35.4908751,139.613524,1
35.49093624,139.6141356,1
35.49041211,139.6137601,1
35.49054315,139.614157,1
35.49071786,139.6137654,1
35.453976,139.498202,1
35.453757,139.497724,1
35.454102,139.497639,1
35.454649,139.497676,1
35.454745,139.498202,1
35.447213,139.500526,1
35.447467,139.500445,1
35.447183,139.501126,1
35.446855,139.500166,1
35.441651,139.496835,1
35.441083,139.49705,1
35.451406,139.481297,1
35.451406,139.481839,1
35.460715,139.481937,1
35.460872,139.482029,1
35.461012,139.481857,1
35.4603,139.481669,1
35.460318,139.498144,1
35.460405,139.498509,1
35.460977,139.498327,1
35.460531,139.498128,1
35.460732,139.498498,1
35.4896,139.476443,1
35.489704,139.476985,1
35.489447,139.477597,1
35.489377,139.477141,1
35.475491,139.489882,1
35.475159,139.489775,1
35.475281,139.490622,1
35.475525,139.490424,1
35.472682,139.483902,1
35.472765,139.484525,1
35.472948,139.484932,1
35.472275,139.484278,1
35.472516,139.484133,1
35.471089,139.481765,1
35.471482,139.481776,1
35.471748,139.481759,1
35.471119,139.480907,1
35.472076,139.480922,1
35.472011,139.481438,1
35.471661,139.480928,1
35.456688,139.486283,1
35.456692,139.486101,1
35.457064,139.486208,1
35.457226,139.486541,1
35.457186,139.487238,1
35.457422,139.486728,1
35.446082,139.485743,1
35.445623,139.485668,1
35.457967,139.485583,1
35.458269,139.485696,1
35.457045,139.484762,1
35.457487,139.485369,1
35.473141,139.497412,1
35.472922,139.498002,1
35.472874,139.497359,1
35.471519,139.474906,1
35.471305,139.474846,1
35.470977,139.475029,1
35.47096,139.474932,1
35.471593,139.475329,1
35.471191,139.474873,1
35.453166,139.62136,1
35.453118,139.621913,1
35.46201631,139.611939,1
35.46156,139.611785,1
35.46156,139.611785,1
35.466299,139.608757,1
35.466561,139.608285,1
35.44669,139.618707,1
35.447463,139.619217,1
35.447275,139.619297,1
35.446948,139.618954,1
35.451816,139.618541,1
35.451991,139.618407,1
35.462037,139.605897,1
35.461867,139.605881,1
35.461443,139.605682,1
35.460979,139.605323,1
35.453559,139.616051,1
35.453918,139.615702,1
35.44326,139.623766,1
35.443679,139.62383,1
35.449082,139.612449,1
35.448819,139.612428,1
35.457804,139.615555,1
35.457257,139.615962,1
35.457161,139.61571,1
35.46888,139.609587,1
35.468996,139.609874,1
35.448261,139.62485,1
35.447863,139.624834,1
35.448174,139.62425,1
35.54202787,139.4853142,1
35.54110249,139.4846276,1
35.54163938,139.4853947,1
35.54114614,139.4850192,1
35.57175223,139.5473655,1
35.57174787,139.5465608,1
35.5719224,139.5475425,1
35.57237619,139.546534,1
35.56404826,139.5413639,1
35.56391735,139.5420559,1
35.56360752,139.5417233,1
35.57204493,139.54272,1
35.5722151,139.5422533,1
35.57168277,139.5428433,1
35.57179622,139.5424946,1
35.53211895,139.5190866,1
35.53240271,139.5187862,1
35.53240271,139.5183838,1
35.57589972,139.5294252,1
35.57582554,139.5287279,1
35.57959206,139.5303923,1
35.57952225,139.5306927,1
35.57926048,139.5304459,1
35.57952225,139.5300758,1
35.55696919,139.4953723,1
35.55697356,139.4951095,1
35.55723104,139.4943209,1
35.55697356,139.4946964,1
35.53594286,139.5201206,1
35.53555435,139.5204263,1
35.53544085,139.5204102,1
35.53569404,139.5196539,1
35.55655475,139.5170773,1
35.55604851,139.5170129,1
35.55659839,139.5175386,1
35.55687594,139.5211802,1
35.55705487,139.5213572,1
35.55697631,139.5207993,1
35.55667519,139.5211641,1
35.54862644,139.5231555,1
35.5483602,139.5231341,1
35.54846495,139.5233272,1
35.54823799,139.5233111,1
35.54847368,139.5236276,1
35.57510375,139.5350643,1
35.57500339,139.5356168,1
35.57485505,139.5354988,1
35.54717972,139.548942,1
35.54744596,139.5489205,1
35.54746342,139.5492907,1
35.5476511,139.5492049,1
35.54207411,139.5102639,1
35.54222252,139.51028,1
35.54216578,139.5098186,1
35.54194753,139.5100118,1
35.5417642,139.5098723,1
35.56340571,139.5049279,1
35.56385954,139.5049172,1
35.55708907,139.5091826,1
35.55708907,139.509542,1
35.55734219,139.5093328,1
35.54853904,139.5047662,1
35.54831208,139.5051418,1
35.55251271,139.4990576,1
35.55207627,139.4990415,1
35.55227266,139.4996048,1
35.56800954,139.5329061,1
35.56835427,139.5328418,1
35.567691,139.5329437,1
35.56834117,139.5331744,1
35.55119363,139.5095881,1
35.55135075,139.5098134,1
35.55129401,139.5095023,1
35.55112816,139.5097759,1
35.55084447,139.5098134,1
35.55643292,139.5397477,1
35.55606196,139.5399837,1
35.54338325,139.5459827,1
35.54315628,139.546444,1
35.56873074,139.5567185,1
35.56876565,139.5569867,1
35.56914091,139.5563859,1
35.56896637,139.5569062,1
35.5687482,139.5574266,1
35.56859547,139.5569116,1
35.57648004,139.5619544,1
35.57681163,139.5617935,1
35.57689453,139.5625392,1
35.57675491,139.562169,1
35.57658911,139.5624802,1
35.54715217,139.5146413,1
35.54753626,139.5151241,1
35.54730493,139.5146466,1
35.53588497,139.5366058,1
35.53582385,139.5371315,1
35.56220343,139.5194304,1
35.5623518,139.519527,1
35.5623518,139.519527,1
35.56260927,139.5199454,1
35.53928842,139.5001837,1
35.53914,139.4997546,1
35.53901341,139.4997009,1
35.53888682,139.499717,1
35.54314248,139.5348917,1
35.54328652,139.5355247,1
35.54309883,139.5358948,1
35.53914186,139.5262002,1
35.53946488,139.5258032,1
35.55160131,139.4867535,1
35.55095974,139.4864423,1
35.55128271,139.4863833,1
35.56240339,139.4805867,1
35.56277868,139.4808871,1
35.56283978,139.481386,1
35.5622332,139.4806296,1
35.53678921,139.5229278,1
35.53666698,139.5229224,1
35.5370293,139.5219139,1
35.53724319,139.5221875,1
35.53707731,139.5227347,1
35.53722137,139.5227186,1
35.58200836,139.5598933,1
35.58233557,139.5604673,1
35.58250571,139.5601293,1
35.58436146,139.5566809,1
35.58409534,139.5567614,1
35.5845665,139.5569384,1
35.58802704,139.5511941,1
35.58783946,139.5506576,1
35.58793107,139.5515052,1
35.58299324,139.5489573,1
35.58321138,139.5483243,1
35.58306741,139.5478791,1
35.57657091,139.5525586,1
35.57705084,139.5524674,1
35.57672361,139.5518291,1
35.57705521,139.5517057,1
35.59008249,139.534019,1
35.59016101,139.5346681,1
35.428283,139.524622,1
35.428274,139.524129,1
35.427947,139.524419,1
35.428008,139.523887,1
35.424106,139.480307,1
35.42387,139.480028,1
35.424324,139.48043,1
35.429807,139.481671,1
35.429968,139.482315,1
35.430362,139.482106,1
35.431567,139.475194,1
35.431685,139.475125,1
35.432135,139.474996,1
35.432445,139.475178,1
35.432078,139.475323,1
35.434675,139.481473,1
35.434177,139.48144,1
35.434417,139.481558,1
35.434181,139.505886,1
35.434373,139.506664,1
35.434491,139.506267,1
35.419175,139.515415,1
35.418807,139.515576,1
35.417158,139.512309,1
35.41728,139.512368,1
35.417538,139.511848,1
35.417468,139.511097,1
35.410523,139.507973,1
35.410821,139.507549,1
35.410563,139.508531,1
35.410838,139.508022,1
35.410348,139.507185,1
35.404039,139.508475,1
35.403807,139.508325,1
35.403969,139.508056,1
35.404166,139.508019,1
35.41496,139.505274,1
35.414667,139.505451,1
35.415539,139.521462,1
35.415639,139.52114,1
35.415368,139.521209,1
35.415648,139.520625,1
35.440892,139.517612,1
35.440406,139.517033,1
35.443791,139.526798,1
35.444123,139.526766,1
35.44345,139.526396,1
35.44387085,139.5270262,1
35.404888,139.491753,1
35.405177,139.492542,1
35.40484,139.492633,1
35.404577,139.492204,1
35.405089,139.492692,1
35.410822,139.496956,1
35.411027,139.497305,1
35.40131,139.493087,1
35.40107,139.492717,1
35.400707,139.492668,1
35.415347,139.491495,1
35.415684,139.490352,1
35.415321,139.490518,1
35.415858,139.491098,1
35.415539,139.49061,1
35.416015,139.498695,1
35.415748,139.498239,1
35.416325,139.497987,1
35.415962,139.497869,1
35.423013,139.496684,1
35.422808,139.496974,1
35.42276,139.496169,1
35.432073,139.497565,1
35.431794,139.49779,1
35.432148,139.497983,1
35.431431,139.497613,1
35.431798,139.497484,1
35.434434,139.494107,1
35.434347,139.495137,1
35.434298,139.494611,1
35.398259,139.484375,1
35.397935,139.483758,1
35.398022,139.48467,1
35.442598,139.633384,1
35.442865,139.632912,1
35.44262,139.633519,1
35.450634,139.628677,1
35.451071,139.628794,1
35.441731,139.642129,1
35.441858,139.642586,1
35.441534,139.642961,1
35.44143,139.643455,1
35.427937,139.637845,1
35.428212,139.638049,1
35.427591,139.637818,1
35.427657,139.638033,1
35.436057,139.649085,1
35.43632,139.648715,1
35.43923578,139.6337663,1
35.43933346,139.6331171,1
35.436633,139.653885,1
35.436257,139.654035,1
35.425569,139.644688,1
35.425206,139.644699,1
35.425595,139.645369,1
35.417953,139.655006,1
35.417918,139.655553,1
35.418696,139.655489,1
35.418263,139.655263,1
35.416514,139.669039,1
35.416418,139.668557,1
35.416628,139.669088,1
35.427562,139.656596,1
35.427313,139.656826,1
35.424746,139.662164,1
35.424431,139.662803,1
35.427119,139.645148,1
35.426975,139.644852,1
35.42694,139.644756,1
35.427272,139.644895,1
35.52285358,139.6751997,1
35.52263528,139.6753445,1
35.52280992,139.6749314,1
35.52253486,139.675366,1
35.52270077,139.6745828,1
35.52272697,139.675323,1
35.52316787,139.663792,1
35.52313294,139.6643499,1
35.52342983,139.6637652,1
35.52279676,139.6639047,1
35.52346039,139.6642105,1
35.50028656,139.6810454,1
35.50032149,139.6809971,1
35.50026909,139.6810829,1
35.50014006,139.6814104,1
35.50038463,139.6815821,1
35.50032785,139.6817377,1
35.50008329,139.6815553,1
35.50019247,139.6812817,1
35.50181575,139.6995296,1
35.50156245,139.6992184,1
35.50181138,139.6998783,1
35.50161486,139.6995778,1
35.5014096,139.699374,1
35.50192056,139.6997227,1
35.49364474,139.6624465,1
35.49326476,139.6620818,1
35.49349624,139.6617599,1
35.49401644,139.6595702,1
35.49378059,139.659243,1
35.49342681,139.6593073,1
35.49296385,139.659597,1
35.49297258,139.659876,1
35.49323901,139.6599993,1
35.49309051,139.6593717,1
35.52906782,139.6546996,1
35.52908965,139.6549893,1
35.52889756,139.6546513,1
35.52882771,139.6549464,1
35.52838241,139.6550537,1
35.52252188,139.6826401,1
35.52322918,139.6828493,1
35.52323354,139.6825489,1
35.52252188,139.6827957,1
35.52283187,139.6824899,1
35.5228406,139.6827742,1
35.50686772,139.6899342,1
35.50686772,139.69002,1
35.50685898,139.6903204,1
35.50687645,139.6893817,1
35.50688519,139.6891832,1
35.50662317,139.689666,1
35.50686335,139.6901112,1
35.50687209,139.689548,1
35.50683278,139.6905457,1
35.50674881,139.6912192,1
35.50636452,139.6911548,1
35.50682741,139.6914391,1
35.50683615,139.6912943,1
35.50672697,139.6917288,1
35.50615491,139.6911494,1
35.50653483,139.6911763,1
35.50671387,139.6918897,1
35.50670951,139.6920989,1
35.50681968,139.6907442,1
35.50686772,139.6897947,1
35.50686335,139.6898537,1
35.50687209,139.6897304,1
35.50649653,139.6907174,1
35.50674007,139.6913587,1
35.50674007,139.6915035,1
35.50636889,139.6907042,1
35.53302183,139.6766424,1
35.53312223,139.6765941,1
35.53315279,139.6770716,1
35.53284184,139.6773879,1
35.53267259,139.6766102,1
35.5328865,139.6766746,1
35.5327599,139.6770608,1
35.53233645,139.6768999,1
35.53271624,139.6768355,1
35.53300873,139.6771198,1
35.5151193,139.6841269,1
35.51472195,139.6828716,1
35.51544241,139.6836548,1
35.51503197,139.6831291,1
35.51535945,139.6837782,1
35.51456912,139.6830754,1
35.51534635,139.6834027,1
35.51707826,139.6503959,1
35.51695163,139.6508143,1
35.49878747,139.6879479,1
35.49886172,139.6876582,1
35.4987307,139.6877012,1
35.49919363,139.6875831,1
35.4989316,139.6878943,1
35.51259927,139.6387752,1
35.51221065,139.6389737,1
35.52458085,139.6691363,1
35.52459395,139.6692704,1
35.5248297,139.6696673,1
35.52504363,139.6698283,1
35.52486027,139.6698873,1
35.52513532,139.6695922,1
35.52460704,139.6694206,1
35.53419251,139.6620154,1
35.53396551,139.6627021,1
35.53404409,139.6628147,1
35.53422307,139.6624821,1
35.49512134,139.6708735,1
35.49577647,139.6712008,1
35.49565418,139.6713671,1
35.49557556,139.6706214,1
35.49571532,139.6707877,1
35.5095444,139.6853898,1
35.50991994,139.6843008,1
35.50963174,139.6840218,1
35.50996798,139.6845315,1
35.50981951,139.6849821,1
35.50988501,139.6848694,1
35.50971907,139.6851323,1
35.50932285,139.6836221,1
35.50915691,139.6842176,1
35.50907395,139.6844054,1
35.50896914,139.6843088,1
35.50879011,139.6841103,1
35.50927482,139.6839708,1
35.50922242,139.6835524,1
35.50900408,139.6833593,1
35.50345411,139.6573001,1
35.50416594,139.6580403,1
35.50446726,139.6576058,1
35.50398252,139.657182,1
35.50357765,139.6647143,1
35.50359075,139.6637809,1
35.50318025,139.6645587,1
35.50326322,139.6644676,1
35.50376107,139.6643495,1
35.50709925,139.6538959,1
35.50733069,139.6535579,1
35.50989972,139.6440386,1
35.50994338,139.6445053,1
35.51016172,139.644103,1
35.50969885,139.6447574,1
35.50121882,139.6924547,1
35.50087381,139.6924171,1
35.50122755,139.6931198,1
35.50123192,139.6932647,1
35.50121008,139.6928463,1
35.50123192,139.6933988,1
35.50121882,139.6926478,1
35.51233073,139.6925956,1
35.51207748,139.6921249,1
35.51219974,139.6922523,1
35.51243553,139.6920431,1
35.5122958,139.6920914,1
35.51241807,139.6923596,1
35.51203381,139.6925634,1
35.51223467,139.6924132,1
35.5124661,139.6925474,1
35.51194024,139.6753636,1
35.51211051,139.6753636,1
35.51286159,139.67509,1
35.51287469,139.6748111,1
35.51200574,139.6756104,1
35.51261706,139.6750149,1
35.51270002,139.6748111,1
35.5123638,139.6752295,1
35.52031477,139.659008,1
35.52035407,139.6593943,1
35.52003971,139.6586647,1
35.51989126,139.6583911,1
35.51988252,139.6591314,1
35.51619803,139.6548583,1
35.51660411,139.6545955,1
35.51607141,139.6545687,1
35.51649058,139.6546438,1
35.5292347,139.6747059,1
35.52902951,139.6746952,1
35.52933511,139.6748668,1
35.52905571,139.6745771,1
35.52913429,139.6745718,1
35.5288025,139.6746898,1
35.52921724,139.6749097,1
35.52851436,139.6746898,1
35.52920414,139.6751297,1
35.53310333,139.6788298,1
35.53350058,139.6791946,1
35.53331287,139.6788674,1
35.53288942,139.6790444,1
35.53288505,139.6794146,1
35.53284576,139.6793234,1
35.53298546,139.6789425,1
35.53292871,139.6794897,1
35.53340891,139.6790337,1
35.53333033,139.6798705,1
35.5284838,139.6750653,1
35.53339581,139.6797954,1
35.53347875,139.6797257,1
35.53351804,139.6795648,1
35.53355733,139.6796452,1
35.53346566,139.6794843,1
35.53367083,139.6795058,1
35.56588081,139.5797051,1
35.56616881,139.5800913,1
35.5661339,139.5806063,1
35.54613861,139.5656573,1
35.54573705,139.5654481,1
35.54563666,139.5658075,1
35.54704876,139.5623046,1
35.54662538,139.5624548,1
35.54669522,139.5630985,1
35.54445515,139.5564057,1
35.54383097,139.5569958,1
35.54470831,139.5568295,1
35.556979,139.5638091,1
35.55738923,139.5640237,1
35.55751142,139.563675,1
35.5573194,139.5635463,1
35.55722339,139.5639111,1
35.55705755,139.5636267,1
35.54316075,139.5811584,1
35.54239688,139.5806113,1
35.5426064,139.5811209,1
35.54040033,139.5820607,1
35.54043089,139.5815457,1
35.54026065,139.5827151,1
35.54090231,139.5813526,1
35.54054873,139.5804582,1
35.54024754,139.5805172,1
35.54029993,139.5808659,1
35.54078008,139.5804207,1
35.54063167,139.5808659,1
35.55968346,139.5818097,1
35.55942162,139.5819706,1
35.55967037,139.5823301,1
35.55043906,139.5874701,1
35.5509017,139.587497,1
35.54362141,139.5950975,1
35.54309762,139.5954193,1
35.54320675,139.5951994,1
35.54326785,139.5955749,1
35.54350356,139.595296,1
35.54335952,139.595194,1
35.52833279,139.5940635,1
35.52835025,139.5947824,1
35.52835898,139.5950023,1
35.52831969,139.5943317,1
35.52993632,139.5474028,1
35.52965256,139.5470004,1
35.52954342,139.5478641,1
35.5510594,139.5933269,1
35.5512078,139.5931069,1
35.55084554,139.5930908,1
35.5509983,139.5928494,1
35.55154386,139.5931069,1
35.52171908,139.5637832,1
35.52096811,139.5633112,1
35.5213698,139.563515,1
35.52309875,139.570124,1
35.52302453,139.5716045,1
35.5231948,139.5705317,1
35.5229634,139.5696948,1
35.5218719,139.5719801,1
35.5218457,139.5717816,1
35.52268398,139.5714543,1
35.52243948,139.5715133,1
35.56020815,139.5692674,1
35.56007723,139.5696322,1
35.55993758,139.5690206,1
35.56221768,139.5657192,1
35.56188603,139.5651667,1
35.56241842,139.5655047,1
35.55646944,139.5745306,1
35.55647817,139.5750831,1
35.55630797,139.575008,1
35.55663092,139.5753674,1
35.53718511,139.5698746,1
35.5375998,139.5697137,1
35.53746012,139.5701214,1
35.56478476,139.5963678,1
35.56415638,139.5962552,1
35.56437893,139.5966092,1
35.56004156,139.602418,1
35.56005029,139.6030725,1
35.55993682,139.6025146,1
35.55720786,139.5895159,1
35.55715549,139.5891082,1
35.55754827,139.5895212,1
35.55753954,139.5890921,1
35.53063323,139.5571405,1
35.53110908,139.557752,1
35.5310436,139.5566523,1
35.53093882,139.557178,1
35.53121537,139.5580115,1
35.53162573,139.557636,1
35.53160827,139.5580651,1
35.53183964,139.5584567,1
35.53145111,139.5583387,1
35.56480042,139.5854267,1
35.56480042,139.5858612,1
35.56511897,139.5859578,1
35.432749,139.599529,1
35.432745,139.599472,1
35.433313,139.600046,1
35.433088,139.600282,1
35.432458,139.599773,1
35.433073,139.599572,1
35.432512,139.589099,1
35.432722,139.589464,1
35.433168,139.589035,1
35.433852,139.587316,1
35.43407,139.587236,1
35.433901,139.587355,1
35.43337227,139.5872031,1
35.434101,139.587627,1
35.435063,139.591191,1
35.435575,139.591572,1
35.435737,139.592152,1
35.432571,139.609785,1
35.432383,139.609554,1
35.432204,139.60927,1
35.431915,139.609308,1
35.431609,139.609635,1
35.436635,139.626653,1
35.436426,139.626117,1
35.44067,139.61757,1
35.441156,139.617302,1
35.441265,139.617146,1
35.440871,139.617742,1
35.435592,139.616625,1
35.435339,139.617081,1
35.426167,139.612887,1
35.425896,139.613316,1
35.42566,139.613483,1
35.425651,139.613418,1
35.412049,139.604488,1
35.412044,139.604242,1
35.412425,139.604966,1
35.412709,139.605068,1
35.411913,139.604853,1
35.412045,139.604397,1
35.410273,139.606183,1
35.410614,139.606022,1
35.41064,139.606602,1
35.410242,139.606382,1
35.426203,139.600594,1
35.425931,139.600262,1
35.425922,139.600343,1
35.425962,139.60083,1
35.426203,139.600594,1
35.434513,139.635981,1
35.43419,139.635772,1
35.432382,139.625938,1
35.432495,139.62553,1
35.432941,139.625783,1
35.419111,139.598697,1
35.418701,139.599383,1
35.41908,139.599255,1
35.418744,139.598895,1
35.432692,139.617358,1
35.432871,139.617117,1
35.432652,139.616854,1
35.435491,139.610922,1
35.435387,139.611351,1
35.431701,139.633456,1
35.431343,139.633327,1
35.413895,139.590449,1
35.413794,139.590604,1
35.413436,139.590487,1
35.41416962,139.5908998,1
35.413872,139.591066,1
35.416932,139.582259,1
35.417031,139.581787,1
35.427006,139.59736,1
35.426669,139.597398,1
35.427102,139.596952,1
35.426363,139.597092,1
35.427028,139.596598,1
35.424814,139.577859,1
35.42507583,139.5777182,1
35.424845,139.577312,1
35.429015,139.583591,1
35.428678,139.584299,1
35.428613,139.584224,1
35.428954,139.584138,1
35.428656,139.580663,1
35.428586,139.580942,1
35.428892,139.580003,1
35.428895,139.580464,1
35.429064,139.57824,1
35.4293,139.578309,1
35.428872,139.57824,1
35.46963151,139.5857499,1
35.46952666,139.5853369,1
35.46936064,139.5854281,1
35.469282,139.5857553,1
35.46888879,139.5855675,1
35.46610269,139.5842293,1
35.46630367,139.5848623,1
35.46656144,139.5846316,1
35.46633425,139.5844868,1
35.46602405,139.5847067,1
35.4426188,139.6020227,1
35.44233472,139.6017706,1
35.44299465,139.6021354,1
35.44669056,139.5864611,1
35.44691781,139.5867293,1
35.44679107,139.5870405,1
35.44643709,139.5863646,1
35.44666871,139.5863646,1
35.46142715,139.6044801,1
35.46135724,139.6052311,1
35.4615058,139.6048609,1
35.46170242,139.6051077,1
35.44211366,139.573959,1
35.44197381,139.5744954,1
35.44167662,139.5744418,1
35.44672905,139.5587531,1
35.44686889,139.5580987,1
35.44680334,139.5589623,1
35.44661979,139.5583991,1
35.46452237,139.5802437,1
35.46462723,139.5793639,1
35.46474957,139.5793908,1
35.46483695,139.5799004,1
35.45023448,139.5914244,1
35.45071955,139.5904749,1
35.45076762,139.5910435,1
35.45052727,139.5901637,1
35.45029183,139.5849475,1
35.45000778,139.5850977,1
35.44964944,139.585677,1
35.44959263,139.5852801,1
35.484406,139.566269,1
35.484401,139.566783,1
35.492496,139.5652316,1
35.49549653,139.5565198,1
35.49578042,139.5569382,1
35.49561882,139.5565413,1
35.490125,139.568568,1
35.489756,139.568243,1
35.490106,139.569135,1
35.47642202,139.5777494,1
35.47620359,139.5779855,1
35.47632591,139.5778514,1
35.47638707,139.5779694,1
35.48386332,139.5594099,1
35.48421277,139.5593563,1
35.48433507,139.559882,1
35.45130757,139.5630113,1
35.45096234,139.5627806,1
35.45148236,139.562684,1
35.45111092,139.5629093,1
35.45483417,139.5952424,1
35.45465939,139.5950171,1
35.44145979,139.5870361,1
35.44127186,139.5868859,1
35.44156905,139.587079,1
35.46110892,139.5891036,1
35.46095163,139.5896883,1
35.46085987,139.5893879,1
35.46094726,139.5893182,1
35.46152401,139.5892109,1
35.46125311,139.589801,1
35.47341289,139.5679537,1
35.47366191,139.5676801,1
35.47351774,139.5685277,1
35.47438274,139.5644668,1
35.47376675,139.5644829,1
35.4746667,139.5637587,1
35.47450069,139.5642147,1
35.47276195,139.5592365,1
35.47243866,139.5593491,1
35.47213722,139.5593652,1
35.472644,139.5592365,1
35.45665904,139.5981264,1
35.45671147,139.5979708,1
35.4568513,139.5976061,1
35.45689936,139.5969462,1
35.45668088,139.5980459,1
35.45676828,139.5970428,1
35.45664593,139.5976061,1
35.44800298,139.5764038,1
35.44791994,139.5768436,1
35.44810786,139.5767685,1
35.44797676,139.5758512,1
35.44817341,139.5760604,1
35.4561018,139.5766513,1
35.45573475,139.576528,1
35.456246,139.5766084,1
35.46023652,139.5853092,1
35.46055112,139.5859798,1
35.46147551,139.5993659,1
35.46106916,139.5993928,1
35.46164592,139.5989904,1
35.46130948,139.5996234,1
35.52583438,139.5025626,1
35.5260745,139.5020529,1
35.52573396,139.5020959,1
35.52582128,139.5017633,1
35.5260745,139.5017579,1
35.50427837,139.5714932,1
35.50469324,139.5709139,1
35.5083822,139.5666649,1
35.50894551,139.5661929,1
35.50889748,139.5667883,1
35.50798776,139.5614101,1
35.50766025,139.561453,1
35.50757728,139.5616515,1
35.50748557,139.5617802,1
35.50555474,139.5608087,1
35.50503944,139.560916,1
35.50510494,139.5600899,1
35.5156219,139.526138,1
35.51599304,139.5267603,1
35.51595811,139.5262346,1
35.51576162,139.526138,1
35.51529878,139.5262078,1
35.51548217,139.5261434,1
35.50435122,139.5399201,1
35.50345161,139.5397591,1
35.50389268,139.5394855,1
35.50387958,139.5399737,1
35.50366123,139.5394963,1
35.52077079,139.5149825,1
35.52056558,139.5143334,1
35.52217667,139.5121447,1
35.52256961,139.5118873,1
35.522443,139.5127402,1
35.50617372,139.5469071,1
35.50655801,139.5469446,1
35.50673269,139.5472289,1
35.51757041,139.5199276,1
35.5179983,139.5197023,1
35.51808999,139.520625,1
35.51743068,139.5195735,1
35.50853539,139.5353502,1
35.50877556,139.5358169,1
35.5089808,139.5359939,1
35.4956012,139.5607498,1
35.49614714,139.5607605,1
35.49602048,139.561238,1
35.51068534,139.5485229,1
35.51076394,139.548024,1
35.51102594,139.5483834,1
35.53427456,139.4991519,1
35.53406939,139.4992377,1
35.53451902,139.4984545,1
35.53473729,139.4979556,1
35.53463252,139.4975104,1
35.52968764,139.490882,1
35.53029882,139.4907854,1
35.5299583,139.4906567,1
35.53017222,139.4911609,1
35.5346905,139.4883768,1
35.53493496,139.4886772,1
35.53485202,139.4882695,1
35.53500481,139.4883285,1
35.50460772,139.581829,1
35.5052584,139.5821884,1
35.50542434,139.581947,1
35.50497891,139.5821347,1
35.52525546,139.5387532,1
35.52520744,139.5384582,1
35.52532968,139.5378413,1
35.52514195,139.5376535,1
35.53186226,139.5330822,1
35.53135149,139.5331788,1
35.53161342,139.5333719,1
35.51627089,139.5055153,1
35.51617046,139.5047482,1
35.51195352,139.5070068,1
35.51207142,139.5071624,1
35.51199719,139.5076666,1
35.51218059,139.5068834,1
35.51174393,139.5071409,1
35.58877947,139.5977902,1
35.592428,139.589528,1
35.58829364,139.5795681,1
35.58936447,139.5836525,1
35.58898237,139.5858779,1
35.58930662,139.5637767,1
35.59137956,139.5654231,1
35.57756007,139.5688248,1
35.60775308,139.5597568,1
35.59841609,139.5812282,1
35.59559353,139.5425934,1
35.59811049,139.5569126,1
35.59838152,139.5525142,1
35.573633,139.610074,1
35.573864,139.606152,1
35.58298396,139.5755212,1
35.56812406,139.5916036,1
35.59572743,139.5673897,1
35.566857,139.603776,1
35.57950362,139.5875293,1
35.60009024,139.5763483,1
35.60342706,139.5690095,1
35.59546633,139.5799266,1
35.574519,139.60664,1
35.57129664,139.5765071,1
35.57099993,139.5772099,1
35.54334858,139.6917817,1
35.54940191,139.679016,1
35.53917989,139.6937792,1
35.55534863,139.6863394,1
35.54640865,139.6811673,1
35.54455129,139.6939056,1
35.54203115,139.6867513,1
35.54238706,139.6851817,1
35.55745446,139.6854261,1
35.54624227,139.6883761,1
35.55238936,139.6958083,1
35.5415083,139.6652146,1
35.53587456,139.6696449,1
35.53831349,139.6936091,1
35.53267308,139.6923395,1
35.54847385,139.6783633,1
35.53785595,139.6904138,1
35.55230462,139.6935908,1
35.54715688,139.6746079,1
35.54779679,139.6624076,1
35.54432389,139.6625247,1
35.54297241,139.6591831,1
35.5476144,139.6689925,1
35.55384585,139.6614388,1
35.60319508,139.60082,1
35.58816681,139.6023878,1
35.58623745,139.6041101,1
35.60742487,139.6101556,1
35.61137766,139.6001576,1
35.59591145,139.6163678,1
35.59572087,139.6185396,1
35.59517894,139.6176189,1
35.56820797,139.6194488,1
35.60517994,139.6138356,1
35.59642055,139.6225268,1
35.56968845,139.6325792,1
35.566404,139.634313,1
35.6058813,139.5941977,1
35.59820379,139.5975586,1
35.59688919,139.5896437,1
35.58736765,139.6110956,1
35.58166632,139.6214487,1
35.58427188,139.6203735,1
35.60171307,139.6279935,1
35.59043658,139.6192043,1
35.59180109,139.6213945,1
35.53187666,139.7147892,1
35.52281962,139.6895641,1
35.52894453,139.7058352,1
35.51950003,139.6920708,1
35.50954037,139.6961447,1
35.52062336,139.7220035,1
35.52683755,139.7375077,1
35.52842188,139.7366357,1
35.51271531,139.6980906,1
35.51154914,139.7022973,1
35.5097709,139.6985958,1
35.51209013,139.7068193,1
35.510844,139.70883,1
35.53113218,139.7257586,1
35.50711158,139.702769,1
35.53537069,139.738727,1
35.53226947,139.7317211,1
35.52429326,139.7151749,1
35.52364841,139.7195982,1
35.5236345,139.7258938,1
35.52323412,139.7269626,1
35.52757007,139.7143068,1
35.53754865,139.7453027,1
35.51634457,139.7096731,1
35.52199942,139.7080937,1
35.52059518,139.7029552,1
35.5182814,139.7006078,1
35.53335035,139.7350938,1
35.53633083,139.7353005,1
35.52751763,139.7219707,1
35.52563732,139.7246768,1
35.52478338,139.6951858,1
35.51682373,139.7171526,1
35.51441279,139.7157936,1
35.5278471,139.7100006,1
35.52818132,139.7078264,1
35.61235082,139.5457056,1
35.61013874,139.5461131,1
35.61655318,139.5746437,1
35.61306143,139.5794621,1
35.61869813,139.579047,1
35.63268066,139.5323622,1
35.63728497,139.5383046,1
35.63626756,139.5230928,1
35.62705317,139.536913,1
35.62369595,139.5329071,1
35.62307676,139.5321629,1
35.62277768,139.5305644,1
35.62446776,139.528755,1
35.6272103,139.5301757,1
35.61707925,139.5415119,1
35.62824186,139.5459566,1
35.62883438,139.5513251,1
35.60537515,139.5814958,1
35.62246032,139.5587671,1
35.60651467,139.5337393,1
35.60595204,139.5334282,1
35.6315993,139.5465463,1
35.61873933,139.5482714,1
35.6163034,139.5508424,1
35.57008318,139.6437972,1
35.56465073,139.6456532,1
35.58053825,139.6391327,1
35.57893831,139.643425,1
35.57169878,139.6403803,1
35.57318938,139.6704137,1
35.58168145,139.6323588,1
35.56254046,139.6630338,1
35.58875048,139.6414065,1
35.5851657,139.6464713,1
35.57630375,139.6492418,1
35.5753237,139.6504308,1
35.58343363,139.6505297,1
35.5859877,139.6595539,1
35.58662604,139.6549142,1
35.58044909,139.6566979,1
35.57922145,139.6648088,1
35.59098915,139.6317073,1
35.5851481,139.6374315,1
35.55838672,139.6783628,1
35.55674314,139.6766356,1
35.55773239,139.681569,1
35.56753977,139.6678814,1
35.56622633,139.6675328,1
35.58603658,139.6512334,1
35.56373071,139.6726301,1
35.55769883,139.6554593,1
35.56948479,139.6578208,1
35.56561511,139.6613981,1
35.56830295,139.6586684,1
35.56861505,139.6530243,1
35.6176818,139.4613343,1
35.5857417,139.5200915,1
35.5996042,139.5130947,1
35.58672446,139.5137362,1
35.58607463,139.513188,1
35.57942781,139.510207,1
35.5792645,139.4830681,1
35.61185918,139.499527,1
35.61381449,139.4993251,1
35.61158326,139.4769845,1
35.61582233,139.5195497,1
35.61700268,139.5191176,1
35.60241174,139.5043526,1
35.59634421,139.5037737,1
35.58661716,139.4996356,1
35.6172645,139.5034439,1
35.59795554,139.5276864,1
35.59801492,139.5242925,1
35.57908,139.52121,1
35.59096906,139.5149323,1
35.59138176,139.5121878,1
35.5906164,139.5066955,1
35.60140799,139.4858397,1
35.60785983,139.5142338,1
35.59119044,139.4958519,1
35.59714945,139.4929435,1
35.65962458,139.1182406,1
35.56210255,139.3614041,1
35.56244901,139.36383,1
35.55997147,139.3635135,1
35.56845194,139.3563529,1
35.5661195,139.3552827,1
35.56585272,139.3975265,1
35.55485972,139.3768746,1
35.58539385,139.3675202,1
35.58611653,139.3661939,1
35.5609489,139.3955861,1
35.56840348,139.3936149,1
35.56680635,139.3919908,1
35.58840835,139.3542679,1
35.58658527,139.3548021,1
35.58618102,139.3547171,1
35.54868442,139.3571862,1
35.55501445,139.3605104,1
35.55574007,139.3597319,1
35.54234534,139.3669462,1
35.55957852,139.3699347,1
35.56031439,139.3707303,1
35.57777849,139.3629148,1
35.57685966,139.3622429,1
35.57229691,139.3629373,1
35.5554357,139.3345914,1
35.55048465,139.3365149,1
35.54886338,139.3366619,1
35.55055635,139.3376826,1
35.55142645,139.3511592,1
35.56032349,139.4160716,1
35.56937666,139.3772915,1
35.57033557,139.3757763,1
35.56766618,139.3803356,1
35.5683554,139.3792143,1
35.57451551,139.3986367,1
35.57394802,139.3965842,1
35.57309179,139.3969606,1
35.55767577,139.380681,1
35.55479873,139.3822794,1
35.55442594,139.3832762,1
35.5576771,139.3876259,1
35.55694637,139.3863143,1
35.55643719,139.3949931,1
35.55461529,139.3687407,1
35.55018308,139.3766302,1
35.54740587,139.3834438,1
35.52362993,139.4287702,1
35.50371006,139.3843289,1
35.51504523,139.3857289,1
35.54514877,139.4288436,1
35.54900355,139.4276485,1
35.5318315,139.3766033,1
35.52717952,139.3760162,1
35.55279303,139.4218148,1
35.55200893,139.4216304,1
35.52142157,139.4079331,1
35.51947881,139.4078949,1
35.54105425,139.4295078,1
35.52826786,139.4444758,1
35.51918109,139.4455346,1
35.52018095,139.4447981,1
35.52211289,139.4420326,1
35.51507581,139.4450207,1
35.53923553,139.4389021,1
35.53324514,139.4420931,1
35.53597983,139.4475443,1
35.52912625,139.4470292,1
35.52948385,139.4495997,1
35.51275908,139.40371,1
35.51710818,139.402962,1
35.5208471,139.4002471,1
35.50617195,139.4046323,1
35.51024171,139.404344,1
35.51157197,139.4003717,1
35.49964573,139.389865,1
35.53027867,139.4118736,1
35.51713627,139.4344108,1
35.51594631,139.4324238,1
35.5084322,139.4089474,1
35.5181176,139.4153581,1
35.52328645,139.4075752,1
35.53028794,139.4301213,1
35.52550536,139.4379234,1
35.55121974,139.4047181,1
35.55236801,139.4076076,1
35.54810468,139.4136714,1
35.54569464,139.4123596,1
35.53998713,139.4196991,1
35.53894082,139.420301,1
35.53236777,139.3670725,1
35.5221962,139.4139967,1
35.53692972,139.4296999,1
35.53217715,139.4267166,1
35.5303394,139.392838,1
35.52901526,139.3951625,1
35.52694122,139.3920901,1
35.53152313,139.408599,1
35.58345393,139.3306847,1
35.58485079,139.3285404,1
35.58746844,139.3186847,1
35.56971157,139.3500153,1
35.62135591,139.1640734,1
35.61586347,139.166436,1
35.59688576,139.3019219,1
35.59799363,139.3014365,1
35.59983635,139.3016806,1
35.58954884,139.3456022,1
35.58798113,139.3448433,1
35.60022111,139.3502883,1
35.59911825,139.3434218,1
35.59615066,139.3448571,1
35.59915142,139.3327806,1
35.60461745,139.300112,1
35.57547589,139.2734643,1
35.57340208,139.2723489,1
35.58308077,139.2331908,1
35.58747184,139.2354082,1
35.59213186,139.2626416,1
35.59619335,139.2917146,1
35.57247097,139.3079208,1
35.61543584,139.1544419,1
35.61507968,139.1552447,1
35.61463982,139.1606798,1
35.58944346,139.2857449,1
35.5976573,139.2133787,1
35.60065882,139.2193895,1
35.60020574,139.2184639,1
35.54220573,139.1273552,1
35.56637606,139.2467886,1
35.56243961,139.1933744,1
35.5625283,139.1940932,1
35.5651271,139.1893195,1
35.61945485,139.2094203,1
35.60316984,139.3279182,1
35.59948611,139.3214094,1
35.59972996,139.3204398,1
35.5851604,139.2706379,1
35.58002447,139.3193348,1
35.57605136,139.3256359,1
35.57502062,139.326275,1
35.57498537,139.327626,1
35.57500229,139.3336012,1
35.58575996,139.2570211,1
35.58647945,139.2565573,1
35.58742344,139.2575779,1
35.5664011,139.2590444,1
35.56637565,139.2603121,1
35.54682863,139.2164615,1
35.54550886,139.2173625,1
35.59661818,139.3532604,1
35.59209904,139.3169984,1
35.61063405,139.1565975,1
35.56183851,139.148785,1
35.58155535,139.1500732,1
35.58105601,139.149895,1
35.59488745,139.1521534,1
35.584453,139.14032,1
35.60918604,139.1492205,1
35.60680968,139.1364307,1
35.61598236,139.1939448,1
35.61723199,139.1882908,1
35.61338711,139.1933267,1
35.614848,139.1911038,1
35.5578133,139.3175719,1
35.62802679,139.1478122,1
35.62858488,139.1485098,1
35.22324905,139.6849783,1
35.2306302,139.6153119,1
35.28189784,139.6422375,1
35.28847442,139.6459417,1
35.2864568,139.6738647,1
35.25121833,139.7097497,1
35.25057436,139.7139876,1
35.31597767,139.6341136,1
35.25659665,139.7139942,1
35.2263244,139.6283152,1
35.3189461,139.6333106,1
35.32127814,139.6332131,1
35.31739222,139.6350433,1
35.2487205,139.731224,1
35.25111,139.7325207,1
35.25309791,139.7338341,1
35.25961995,139.7380035,1
35.22796453,139.6677621,1
35.22623484,139.6672898,1
35.22952814,139.698297,1
35.22638222,139.7088252,1
35.22888435,139.707232,1
35.22782789,139.7062472,1
35.25691683,139.6703146,1
35.25377786,139.6770167,1
35.2554669,139.6747671,1
35.25754198,139.6789972,1
35.24239943,139.6845813,1
35.23698406,139.6899404,1
35.27218548,139.6609928,1
35.27274607,139.6575489,1
35.27224679,139.6594693,1
35.25467194,139.7026036,1
35.28334219,139.6591999,1
35.28188644,139.6739221,1
35.28202657,139.6729458,1
35.25390608,139.6058336,1
35.30811072,139.622425,1
35.30746971,139.6146378,1
35.24536584,139.6788285,1
35.24523746,139.6653342,1
35.27550065,139.673554,1
35.22657109,139.7016922,1
35.22487989,139.7004981,1
35.28317099,139.6498819,1
35.24176314,139.7145015,1
35.30201869,139.6313493,1
35.25849582,139.7242333,1
35.22443483,139.6397914,1
35.25849183,139.6909083,1
35.25984012,139.6908842,1
35.25807515,139.6885257,1
35.25640177,139.6866917,1
35.23819952,139.6631045,1
35.25983331,139.648217,1
35.26109044,139.6474123,1
35.24502276,139.6938531,1
35.20578555,139.6129764,1
35.20469294,139.61236,1
35.21459554,139.6745082,1
35.20068876,139.6623584,1
35.20714953,139.667304,1
35.29408068,139.6342137,1
35.29051821,139.6316399,1
35.27478122,139.6500472,1
35.25936512,139.7145141,1
35.25911818,139.7163283,1
35.26763498,139.6667956,1
35.2683527,139.6636172,1
35.21821296,139.6449311,1
35.21830326,139.6460738,1
35.2575279,139.6573098,1
35.25674458,139.6568394,1
35.25286971,139.6534429,1
35.2581634,139.6436015,1
35.27645536,139.6835748,1
35.21592208,139.6847933,1
35.2161711,139.6940106,1
35.21351672,139.6956216,1
35.32561753,139.375118,1
35.34182032,139.3816469,1
35.31260241,139.3246451,1
35.37364899,139.3537339,1
35.3717854,139.3522327,1
35.37295594,139.3064175,1
35.334992,139.3092053,1
35.31643454,139.338393,1
35.325705,139.3620434,1
35.34412032,139.3296391,1
35.35069175,139.3252556,1
35.35576608,139.3043571,1
35.3321132,139.3084985,1
35.33337458,139.3054253,1
35.318761,139.356877,1
35.3204011,139.3560337,1
35.32032379,139.3570476,1
35.32244427,139.3375456,1
35.3218315,139.3371647,1
35.330576,139.316796,1
35.34923191,139.3495937,1
35.37238116,139.3303177,1
35.34589513,139.2895706,1
35.37154131,139.3235103,1
35.33842479,139.3345843,1
35.36061749,139.349034,1
35.334112,139.348505,1
35.33330484,139.3459517,1
35.33565523,139.3480246,1
35.33565523,139.3480246,1
35.34258008,139.3384808,1
35.34445029,139.3385464,1
35.390445,139.366786,1
35.33340357,139.3280926,1
35.33377118,139.3286773,1
35.332781,139.334461,1
35.33120721,139.3310721,1
35.3312146,139.3283541,1
35.33119709,139.3277747,1
35.33495434,139.3562458,1
35.37250862,139.3588141,1
35.37880055,139.3591453,1
35.37619659,139.3631605,1
35.34580712,139.2687992,1
35.34746475,139.2597632,1
35.3537822,139.3580572,1
35.35444006,139.3417987,1
35.35494902,139.3407883,1
35.3439496,139.3578643,1
35.3439496,139.3578643,1
35.36058629,139.2919267,1
35.35888709,139.2902463,1
35.33760452,139.3269278,1
35.34093216,139.3002287,1
35.3541984,139.3150408,1
35.35289477,139.2954223,1
35.35860302,139.3312298,1
35.3634465,139.2873076,1
35.36195128,139.2718277,1
35.3222725,139.3575967,1
35.31967771,139.3440338,1
35.31967771,139.3440338,1
35.31873474,139.345175,1
35.31873474,139.345175,1
35.34152763,139.3124196,1
35.3547276,139.4771979,1
35.35402893,139.4663935,1
35.34371798,139.458232,1
35.34572856,139.4622281,1
35.3980755,139.4603107,1
35.39568818,139.4590644,1
35.38718031,139.4616667,1
35.38916462,139.4442326,1
35.38750045,139.4449263,1
35.38664024,139.4440988,1
35.38903372,139.4414564,1
35.38716723,139.4400915,1
35.38835802,139.4279454,1
35.37116104,139.4377912,1
35.37005734,139.436881,1
35.37221615,139.4432184,1
35.40923199,139.4604702,1
35.41008101,139.4597547,1
35.40926338,139.4590954,1
35.40777988,139.4568858,1
35.40720392,139.4307453,1
35.38410462,139.4666758,1
35.37797669,139.4703757,1
35.37982852,139.4690722,1
35.38057736,139.4696871,1
35.376933,139.4717204,1
35.38065075,139.4769714,1
35.38523808,139.4747963,1
35.38918342,139.4656357,1
35.29956855,139.4835769,1
35.302174,139.481079,1
35.299619,139.4785798,1
35.29867345,139.4801334,1
35.30035766,139.4795739,1
35.29879812,139.4790373,1
35.40803911,139.4735086,1
35.41680727,139.47042,1
35.34341025,139.5036721,1
35.34390821,139.5043043,1
35.31965687,139.4699996,1
35.31850379,139.4622046,1
35.31855398,139.4638153,1
35.32535604,139.4651752,1
35.32358712,139.4651674,1
35.32744509,139.4641678,1
35.32696233,139.474873,1
35.33377473,139.4790474,1
35.31664545,139.4765967,1
35.32361699,139.4777229,1
35.34481257,139.4712613,1
35.34459857,139.4724619,1
35.34386437,139.4719472,1
35.33372147,139.4909107,1
35.33326641,139.4901082,1
35.32729718,139.4832302,1
35.38962515,139.4783064,1
35.33438147,139.5053987,1
35.34082107,139.5137041,1
35.39785252,139.4695558,1
35.40126196,139.4677529,1
35.39723315,139.4712032,1
35.39610685,139.4721804,1
35.34986394,139.4597412,1
35.34960792,139.4867145,1
35.35252485,139.487538,1
35.36706437,139.4832467,1
35.39496391,139.4514305,1
35.37117323,139.465228,1
35.37640961,139.4477166,1
35.33194968,139.4926962,1
35.32960986,139.4934465,1
35.36101158,139.4728434,1
35.3594557,139.4775985,1
35.35983663,139.4751781,1
35.36151511,139.4743416,1
35.36477872,139.4645244,1
35.36742842,139.4617316,1
35.40146887,139.4155064,1
35.40330669,139.4166185,1
35.40245839,139.4156797,1
35.3541384,139.4942605,1
35.35372468,139.4831221,1
35.35489085,139.4849967,1
35.35534713,139.4832793,1
35.34974295,139.4477104,1
35.35683436,139.4420203,1
35.35933282,139.4465335,1
35.36152259,139.4515487,1
35.36358392,139.4435357,1
35.36494948,139.4466535,1
35.36341612,139.4502981,1
35.36851664,139.4487887,1
35.33893767,139.4934491,1
35.41550937,139.4574809,1
35.4123334,139.4612197,1
35.41653515,139.4682751,1
35.3339294,139.453043,1
35.34020812,139.4492995,1
35.34127292,139.4556235,1
35.34047024,139.4467439,1
35.32500686,139.4512289,1
35.32405811,139.4511581,1
35.32419202,139.4518285,1
35.32584669,139.4486863,1
35.32470463,139.4497648,1
35.32467688,139.4485181,1
35.3249475,139.4472107,1
35.33284928,139.4665616,1
35.32561361,139.4575719,1
35.31918399,139.4588513,1
35.37469968,139.4642768,1
35.3471109,139.4984579,1
35.34430111,139.48158,1
35.31985934,139.4876889,1
35.31329162,139.4902552,1
35.31368282,139.4873003,1
35.31540306,139.483732,1
35.31122166,139.4846231,1
35.32219562,139.4933051,1
35.31629843,139.4906654,1
35.33668974,139.4734569,1
35.34529328,139.4840409,1
35.34285407,139.4796105,1
35.34760614,139.4809354,1
35.35209353,139.4716313,1
35.33827133,139.497829,1
35.33745832,139.4974604,1
35.33856432,139.5000398,1
35.40252807,139.4211691,1
35.39904064,139.4140352,1
35.29262635,139.2323144,1
35.28423473,139.1763816,1
35.30251807,139.1456778,1
35.30773634,139.1390459,1
35.27277198,139.1365147,1
35.28063043,139.1283184,1
35.28400256,139.1996561,1
35.28240665,139.2023368,1
35.20610057,139.1394392,1
35.20354755,139.136894,1
35.2683782,139.184965,1
35.26867125,139.1849065,1
35.26427427,139.1869058,1
35.27041381,139.194545,1
35.27852675,139.1875382,1
35.26105647,139.1669813,1
35.30185626,139.2250893,1
35.30132158,139.1401805,1
35.31088141,139.173019,1
35.25521107,139.1516966,1
35.28622385,139.1656253,1
35.2954402,139.1781794,1
35.29497634,139.1760351,1
35.26479683,139.1571271,1
35.26897989,139.1566269,1
35.27331373,139.1563617,1
35.28533263,139.2266604,1
35.29983505,139.1905881,1
35.31699389,139.1663493,1
35.30321465,139.1840052,1
35.31049271,139.1394263,1
35.2434106,139.1438116,1
35.29142203,139.1548754,1
35.25766123,139.1759246,1
35.26033338,139.1805837,1
35.27197168,139.174752,1
35.27073237,139.1824289,1
35.25244045,139.141551,1
35.25051195,139.13655,1
35.28745276,139.1471628,1
35.28952304,139.1441195,1
35.28878501,139.1411659,1
35.25550133,139.1646399,1
35.24846702,139.1560723,1
35.28708662,139.1766478,1
35.34238092,139.4076682,1
35.34351299,139.4088157,1
35.34385551,139.4095025,1
35.34312166,139.4095134,1
35.36597364,139.4091213,1
35.36387622,139.3975905,1
35.33156199,139.3840548,1
35.33382662,139.4034972,1
35.33519006,139.4040291,1
35.33306477,139.4009367,1
35.33351019,139.4010727,1
35.33486753,139.4032388,1
35.33468533,139.4018962,1
35.33550589,139.4062721,1
35.35520811,139.4154888,1
35.32853298,139.4033182,1
35.37471779,139.4202479,1
35.37151105,139.424079,1
35.35317406,139.4070231,1
35.33657118,139.3855302,1
35.32109982,139.4372969,1
35.32223165,139.4386154,1
35.32351859,139.4390642,1
35.34607351,139.4204286,1
35.34041929,139.4206041,1
35.33296941,139.3986399,1
35.33288975,139.3995964,1
35.33715463,139.4242579,1
35.34384803,139.4388681,1
35.32662265,139.4245109,1
35.33098551,139.4324956,1
35.32920033,139.4360739,1
35.34759503,139.3886203,1
35.34935657,139.4372829,1
35.35928985,139.4335308,1
35.32052873,139.4041912,1
35.32513609,139.3752414,1
35.34854991,139.4079648,1
35.34884744,139.406452,1
35.3481363,139.4053673,1
35.34842255,139.4110188,1
35.31984464,139.4137109,1
35.31957326,139.414714,1
35.31879018,139.3910097,1
35.31880339,139.3949647,1
35.31877806,139.3891477,1
35.31913831,139.3875256,1
35.34134554,139.381537,1
35.32324946,139.4240114,1
35.34462013,139.4278423,1
35.31964068,139.4200413,1
35.3377486,139.3897219,1
35.34091531,139.3905077,1
35.34482103,139.3896982,1
35.33762311,139.4407584,1
35.33611869,139.4205135,1
35.33892782,139.4180226,1
35.33775256,139.4200655,1
35.3216999,139.3770054,1
35.32417495,139.3778584,1
35.32335373,139.4325294,1
35.35251641,139.3722157,1
35.33518643,139.3701951,1
35.30008345,139.5774636,1
35.30267548,139.5772193,1
35.30245767,139.5765756,1
35.30458201,139.5815648,1
35.30217882,139.5777039,1
35.29833508,139.5724229,1
35.30543057,139.5710969,1
35.30487628,139.5792844,1
35.3090513,139.5713923,1
35.2917407,139.597131,1
35.29472508,139.5938008,1
35.29554161,139.5977239,1
35.29578299,139.5966305,1
35.2937047,139.5940394,1
35.29438357,139.5929216,1
35.29409228,139.5914786,1
35.29322079,139.5905516,1
35.28896103,139.5781862,1
35.28999809,139.5767861,1
35.28593442,139.5744879,1
35.28746206,139.5758294,1
35.30039426,139.5792055,1
35.3011672,139.5857452,1
35.30132626,139.5850834,1
35.30194889,139.5874267,1
35.30048083,139.5659666,1
35.30599296,139.5639488,1
35.30239656,139.5603531,1
35.29861399,139.5593168,1
35.29732401,139.5596778,1
35.30004114,139.5610267,1
35.29371088,139.5593926,1
35.29743676,139.5549798,1
35.29712765,139.5558774,1
35.29806419,139.5540967,1
35.2968541,139.5533544,1
35.29633739,139.5536116,1
35.29596645,139.5542331,1
35.29648413,139.5549908,1
35.30045806,139.5568243,1
35.30081074,139.5586594,1
35.30577376,139.5595211,1
35.29698663,139.6013875,1
35.30134438,139.598147,1
35.30022343,139.5987549,1
35.29682565,139.6116453,1
35.29301893,139.6101031,1
35.29266363,139.6093147,1
35.29253608,139.6080419,1
35.2920636,139.6175154,1
35.2966284,139.6178907,1
35.29261048,139.5733525,1
35.29409279,139.5731008,1
35.29985473,139.5643387,1
35.29969,139.5662348,1
35.29623689,139.5644758,1
35.29577099,139.5619702,1
35.29705393,139.5756238,1
35.29710684,139.5779009,1
35.29709568,139.5776014,1
35.29615064,139.5763579,1
35.29631346,139.5848829,1
35.29508078,139.582258,1
35.29524996,139.5821616,1
35.29541541,139.5827962,1
35.29484943,139.5827333,1
35.29559947,139.5804212,1
35.29410311,139.5775534,1
35.29269883,139.5772301,1
35.29483073,139.5768216,1
35.2999654,139.5898859,1
35.30075491,139.5924608,1
35.30583844,139.5934462,1
35.30264374,139.5962569,1
35.30397953,139.5936587,1
35.30315318,139.5923016,1
35.30210121,139.5944806,1
35.30612058,139.6011142,1
35.31239015,139.6006194,1
35.3106698,139.6014662,1
35.30897278,139.6008496,1
35.30916616,139.5986397,1
35.30202518,139.5891517,1
35.14319704,139.6194515,1
35.15537296,139.628067,1
35.13224387,139.6237905,1
35.15549241,139.6398093,1
35.1897315,139.6345576,1
35.18814258,139.6297021,1
35.18668846,139.629528,1
35.19424246,139.6221168,1
35.19138736,139.6171597,1
35.1445337,139.6221121,1
35.17333821,139.6537692,1
35.17190428,139.6536976,1
35.15089059,139.6691419,1
35.14744166,139.6656611,1
35.18842525,139.6483209,1
35.18509446,139.6509847,1
35.18722184,139.6536511,1
35.19505904,139.6559886,1
35.14892464,139.6478008,1
35.14731362,139.6307066,1
35.39819103,139.1892083,1
35.3606335,139.2611189,1
35.36654246,139.2164935,1
35.39594855,139.2346294,1
35.39459618,139.2341958,1
35.36379641,139.1858055,1
35.36903514,139.1793318,1
35.3890769,139.2046567,1
35.388608,139.207949,1
35.38032961,139.2709757,1
35.3781047,139.2709414,1
35.35686184,139.224356,1
35.35593262,139.2281486,1
35.36784636,139.2686967,1
35.3665457,139.268777,1
35.37643474,139.2137851,1
35.37419408,139.2225722,1
35.380521,139.202064,1
35.38030372,139.1785097,1
35.39935702,139.1894095,1
35.384177,139.19248,1
35.38131599,139.1863051,1
35.37592855,139.2328951,1
35.38325531,139.1651538,1
35.37627896,139.1811634,1
35.37393023,139.2100816,1
35.50341403,139.3146802,1
35.42078146,139.3530277,1
35.42349314,139.3456629,1
35.42352463,139.3456756,1
35.42612968,139.339159,1
35.42641539,139.3392148,1
35.42390139,139.3314631,1
35.41742875,139.3531066,1
35.44588008,139.32691,1
35.43807466,139.3677529,1
35.43402016,139.3642517,1
35.43386965,139.3618412,1
35.45646188,139.344628,1
35.45766089,139.3428,1
35.4584736,139.3403775,1
35.43045723,139.3150267,1
35.43112535,139.3609084,1
35.43146158,139.3597788,1
35.42046461,139.3674037,1
35.42151177,139.3678699,1
35.42148331,139.3678661,1
35.44321017,139.3522752,1
35.44526517,139.3377563,1
35.44478583,139.3383254,1
35.4392291,139.3459556,1
35.43923221,139.3459966,1
35.43392647,139.3428576,1
35.43888377,139.3354743,1
35.47146472,139.3725347,1
35.47267134,139.3710156,1
35.46986553,139.3725798,1
35.48633749,139.3417064,1
35.47864825,139.3439759,1
35.47489952,139.3424806,1
35.47493509,139.3424467,1
35.45230875,139.3245782,1
35.45729181,139.3213737,1
35.49513121,139.3508856,1
35.49522,139.350312,1
35.4992365,139.3506263,1
35.40860206,139.3581055,1
35.48746565,139.3607019,1
35.48563745,139.3667532,1
35.4915488,139.363459,1
35.46679519,139.3472742,1
35.46722754,139.3447225,1
35.46726878,139.3447206,1
35.46553242,139.3471056,1
35.47683961,139.3126178,1
35.46681965,139.3676475,1
35.460912,139.3706,1
35.460877,139.370756,1
35.4474284,139.3661351,1
35.44843143,139.3533225,1
35.44879845,139.3503322,1
35.44607648,139.3513391,1
35.4518299,139.3505345,1
35.4015131,139.3656989,1
35.39951196,139.3664511,1
35.4031218,139.3604771,1
35.40349783,139.3648331,1
35.40180083,139.3586842,1
35.45401107,139.3538173,1
35.4580805,139.3568906,1
35.46456419,139.3548285,1
35.46551041,139.3535816,1
35.45698023,139.3632491,1
35.45695963,139.3632121,1
35.45247797,139.3617774,1
35.46477538,139.3571988,1
35.4834756,139.3496844,1
35.48377165,139.3508901,1
35.469005,139.362196,1
35.48237595,139.3472682,1
35.47195726,139.3531122,1
35.493847,139.3660392,1
35.49385192,139.3660924,1
35.502485,139.3581376,1
35.50425537,139.3591158,1
35.448147,139.293812,1
35.43926594,139.3036573,1
35.44562002,139.2951501,1
35.43844649,139.3025488,1
35.44176224,139.2943829,1
35.40842635,139.3649852,1
35.41375896,139.3625084,1
35.44756504,139.365953,1
35.44711433,139.3627595,1
35.44401215,139.3622133,1
35.43574696,139.3132909,1
35.43023903,139.3213912,1
35.50720396,139.3565674,1
35.50763128,139.3588886,1
35.51016798,139.3610526,1
35.51136448,139.3620326,1
35.51101603,139.3638992,1
35.51662199,139.3680874,1
35.51540837,139.3663038,1
35.50720967,139.3120533,1
35.51027016,139.3043597,1
35.51104714,139.3022747,1
35.49322375,139.3143832,1
35.49718609,139.3122666,1
35.49030624,139.3191053,1
35.4916602,139.320637,1
35.46039701,139.3123853,1
35.40737952,139.3488175,1
35.4072322,139.3484696,1
35.4448006,139.3060899,1
35.44496848,139.3086044,1
35.44496939,139.3086473,1
35.44373243,139.3106073,1
35.44840914,139.3050208,1
35.44515141,139.360032,1
35.42727776,139.3510321,1
35.47437407,139.3694502,1
35.47484908,139.3711033,1
35.48203526,139.320894,1
35.48640451,139.3283732,1
35.43514149,139.3394794,1
35.43426503,139.3374265,1
35.48918489,139.3299514,1
35.49194728,139.327016,1
35.49196794,139.3269775,1
35.49309697,139.3216578,1
35.4320047,139.3571719,1
35.47057038,139.3226935,1
35.46171472,139.330902,1
35.46308644,139.3226411,1
35.46222401,139.3232297,1
35.46102473,139.3227765,1
35.46945383,139.3192499,1
35.47251678,139.3206965,1
35.47478342,139.3084887,1
35.46688184,139.3387357,1
35.44116418,139.3300989,1
35.44018542,139.3302345,1
35.44021845,139.3302192,1
35.45395796,139.3421215,1
35.45386155,139.3420627,1
35.45494954,139.3429751,1
35.45395888,139.3383548,1
35.45772126,139.346667,1
35.45817179,139.3519465,1
35.42780196,139.4420822,1
35.50725098,139.4552303,1
35.5076178,139.4542379,1
35.50689652,139.4540022,1
35.5086869,139.454668,1
35.50810175,139.4536702,1
35.49256496,139.4666672,1
35.49627382,139.4545111,1
35.49584581,139.4542589,1
35.50934992,139.4624269,1
35.50897437,139.4621479,1
35.42929252,139.4727881,1
35.43123612,139.4728478,1
35.43052802,139.4731912,1
35.47435021,139.4389368,1
35.47452496,139.4382609,1
35.43288431,139.4641299,1
35.43096921,139.4675914,1
35.43112656,139.4669799,1
35.47537201,139.4576925,1
35.47764364,139.4445765,1
35.48384912,139.4530183,1
35.48411995,139.4537157,1
35.44845081,139.4794582,1
35.44873049,139.4802951,1
35.44343676,139.4747007,1
35.44301721,139.4752586,1
35.44295165,139.4744593,1
35.44089849,139.4696412,1
35.44151472,139.4692979,1
35.45305717,139.4690805,1
35.45280372,139.4685065,1
35.4794435,139.4695688,1
35.47914645,139.4686301,1
35.47674865,139.4696987,1
35.48517111,139.4540725,1
35.48580885,139.4556174,1
35.48710655,139.4620402,1
35.48678769,139.4610961,1
35.46775291,139.4698624,1
35.46763058,139.470651,1
35.48819066,139.4453471,1
35.48743501,139.4449609,1
35.46639838,139.4533278,1
35.45951368,139.459904,1
35.45952242,139.4587292,1
35.46423114,139.4648152,1
35.4651574,139.4650083,1
35.47167579,139.4550191,1
35.47174133,139.4543324,1
35.51700758,139.449491,1
35.51719969,139.448917,1
35.5024259,139.4372612,1
35.50261805,139.4379103,1
35.50795811,139.436068,1
35.49642583,139.4346385,1
35.49720242,139.4363731,1
35.49705393,139.4354558,1
35.49582394,139.4360549,1
35.49616023,139.43694,1
35.49647338,139.4339992,1
35.49723768,139.4341923,1
35.45077351,139.4626816,1
35.42528848,139.4601957,1
35.42596603,139.4616924,1
35.43648471,139.451735,1
35.43737427,139.4511266,1
35.44351293,139.4623299,1
35.44426025,139.4616969,1
35.43170141,139.4581248,1
35.43130802,139.4575776,1
35.46052208,139.4622763,1
35.45987103,139.4625499,1
35.45656953,139.4616159,1
35.4573796,139.4617636,1
35.45623914,139.4614095,1
35.49683426,139.4499043,1
35.49641062,139.4494966,1
35.50008226,139.4467907,1
35.500902,139.445759,1
35.44760389,139.3812971,1
35.44760676,139.3803259,1
35.44820546,139.3807014,1
35.45228009,139.3867973,1
35.45193924,139.3859068,1
35.46277887,139.38587,1
35.45314921,139.3778203,1
35.43925336,139.4055529,1
35.4400723,139.4037341,1
35.45437438,139.3978297,1
35.4499303,139.3979724,1
35.45130674,139.3986646,1
35.4526248,139.403074,1
35.4649876,139.4089521,1
35.46450699,139.4086517,1
35.42392772,139.3847953,1
35.42045267,139.3815117,1
35.41981442,139.3811362,1
35.41515012,139.3793812,1
35.4157272,139.3797567,1
35.44640288,139.3975127,1
35.46664303,139.4027563,1
35.46640273,139.4037326,1
35.46651552,139.4052297,1
35.46556486,139.3930645,1
35.46619838,139.3933113,1
35.46169042,139.3914968,1
35.4618215,139.3921567,1
35.46558988,139.40961,1
35.4667372,139.4107352,1
35.42675455,139.3974952,1
35.42903524,139.4038848,1
35.42862873,139.4032142,1
35.42578083,139.4057803,1
35.43733514,139.3964958,1
35.43698111,139.3972468,1
35.43305228,139.3979606,1
35.43273838,139.3970813,1
35.41619601,139.3952716,1
35.41561893,139.3959958,1
35.43887309,139.3863294,1
35.43842729,139.385868,1
35.44257843,139.3880295,1
35.44269616,139.3820632,1
35.44429921,139.3854781,1
35.43353861,139.3854991,1
35.43438655,139.386277,1
35.43336889,139.3841323,1
35.46825512,139.4291564,1
35.46884708,139.4248402,1
35.46794988,139.4349139,1
35.46623814,139.417212,1
35.46882788,139.4171689,1
35.46955312,139.4170027,1
35.40220905,139.3957124,1
35.41336999,139.3955077,1
35.40862103,139.3801351,1
35.40904513,139.3793358,1
35.40785183,139.3802848,1
35.4890763,139.432169,1
35.48044757,139.4364262,1
35.48087083,139.4372679,1
35.483242,139.430716,1
35.483859,139.430848,1
35.48713432,139.4290751,1
35.48768878,139.4288398,1
35.485323,139.429459,1
35.484805,139.429165,1
35.499358,139.417239,1
35.49985071,139.4168773,1
35.48805843,139.4174212,1
35.4883226,139.4165406,1
35.48584271,139.4204633,1
35.48157295,139.4171521,1
35.48492821,139.417104,1
35.48495429,139.4176954,1
35.48307685,139.4170937,1
35.48250331,139.417415,1
35.48235234,139.4179783,1
35.50412278,139.4193808,1
35.5034776,139.41941,1
35.4852152,139.3862906,1
35.48446519,139.386245,1
35.48545675,139.3921605,1
35.4861854,139.3923673,1
35.49123662,139.3997777,1
35.47362711,139.3857271,1
35.49792437,139.4323123,1
35.47249177,139.4080555,1
35.47295923,139.4081482,1
35.50042258,139.4138268,1
35.5065272,139.4183283,1
35.5064022,139.4189378,1
35.50903795,139.422832,1
35.50912707,139.4246626,1
35.50424812,139.4299312,1
35.5038476,139.4289508,1
35.50309559,139.4300311,1
35.48138886,139.4274852,1
35.48074126,139.4270429,1
35.48011614,139.4266588,1
35.47853182,139.4238562,1
35.47492522,139.4275906,1
35.47540149,139.4206901,1
35.47596371,139.420746,1
35.49016445,139.4061949,1
35.48427148,139.3932969,1
35.47721659,139.3970721,1
35.47806725,139.3964731,1
35.47996664,139.395528,1
35.47999276,139.3961447,1
35.48489295,139.4093768,1
35.48435298,139.4095266,1
35.48521073,139.4098817,1
35.47906337,139.4125801,1
35.49256058,139.4067225,1
35.49254026,139.4080024,1
35.50796652,139.4360462,1
35.4329753,139.4169409,1
35.43343565,139.4170416,1
35.43138009,139.4142869,1
35.42587563,139.4125333,1
35.42301482,139.4322091,1
35.42339223,139.431677,1
35.45665377,139.4173933,1
35.45622103,139.417809,1
35.44756794,139.4276657,1
35.44760771,139.4283757,1
35.44912456,139.4280205,1
35.4492644,139.4290666,1
35.45645452,139.4266716,1
35.45591049,139.4269357,1
35.44991797,139.4125718,1
35.45030227,139.4125227,1
35.4179229,139.4469532,1
35.41460147,139.4468104,1
35.41143203,139.4422483,1
35.41166799,139.4427321,1
35.44413954,139.4280822,1
35.44927323,139.4316815,1
35.44860025,139.4311611,1
35.4473257,139.4318366,1
35.43876279,139.4340514,1
35.43932222,139.4342553,1
35.43001722,139.4394905,1
35.43066013,139.4392407,1
35.4279496,139.44128,1
35.43735649,139.4123019,1
35.4362813,139.4125165,1
35.43911325,139.4156174,1
35.43905692,139.4147669,1
35.44235613,139.4117859,1
35.43853948,139.4198535,1
35.46019461,139.4255245,1
35.46549154,139.4345693,1
35.46593992,139.4345892,1
35.42113247,139.4347916,1
35.42073637,139.4348173,1
35.46161278,139.4354241,1
35.46239844,139.4349658,1
35.29176626,139.597161,1
35.2921866,139.5971502,1
35.26528044,139.5869479,1
35.26554324,139.5865349,1
35.25949947,139.5837157,1
35.25957832,139.583705,1
35.25858904,139.6092605,1
35.26807462,139.617317,1
35.26852136,139.6170327,1
35.26564849,139.614107,1
35.26555651,139.6139514,1
35.28142308,139.5831766,1
35.28209769,139.5830001,1
35.28902365,139.5917413,1
35.28895797,139.5916394,1
35.29039251,139.6028739,1
35.28581418,139.5988765,1
35.28526244,139.5990267,1
35.28513688,139.6016456,1
35.27217284,139.5843792,1
35.27193196,139.583934,1
35.27407893,139.5867021,1
35.273005,139.5869864,1
35.27556732,139.5896399,1
35.27579505,139.5883417,1
35.26570555,139.6335891,1
35.26470062,139.6319881,1
35.2646393,139.6319023,1
35.3109928,139.2767333,1
35.31406858,139.2743005,1
35.31012335,139.27809,1
35.31060141,139.2778363,1
35.3201196,139.3256935,1
35.32202963,139.3256431,1
35.32237551,139.3250487,1
35.32559113,139.32521,1
35.30407665,139.2729397,1
35.30970571,139.2830477,1
35.30918233,139.2851873,1
35.31268382,139.2915012,1
35.30131925,139.2805363,1
35.30609467,139.2902883,1
35.30516374,139.2844393,1
35.32673141,139.2607614,1
35.32550049,139.2892069,1
35.32019485,139.2788398,1
35.32410375,139.2581997,1
35.30572173,139.3002464,1
35.30418395,139.2936645,1
35.30325287,139.2923881,1
35.30541977,139.2908755,1
35.31047045,139.2720505,1
35.31062945,139.313948,1
35.30891129,139.3154465,1
35.30830248,139.3152812,1
35.30931438,139.3147431,1
35.30913193,139.315098,1
35.30871769,139.314081,1
35.30778524,139.3115076,1
35.307614,139.313572,1
35.30701039,139.3140018,1
35.31050265,139.3191689,1
35.31216257,139.3180875,1
35.31283317,139.3202106,1
35.31651033,139.3229884,1
35.31354703,139.3187424,1
35.30992928,139.3127806,1
35.31264903,139.3162378,1
35.31213805,139.3171312,1
35.31169993,139.317419,1
35.3082732,139.3124803,1
35.32154363,139.2670456,1
35.30684986,139.3113447,1
35.30745178,139.3080996,1
35.30934253,139.311678,1
35.30856197,139.3080364,1
35.31162573,139.3223119,1
35.31371852,139.3245246,1
35.3126243,139.3246612,1
35.32638518,139.3304042,1
35.31381918,139.2465209,1
35.29408646,139.2508712,1
35.30217027,139.2469938,1
35.29300664,139.2471917,1
35.29779642,139.2363783,1
35.29235584,139.2407508,1
35.31084273,139.2522189,1
35.30420104,139.2576485,1
35.29812872,139.2644815,1
35.29918943,139.2558183,1
35.29743827,139.2619517,1
35.29647277,139.2604363,1
35.29635342,139.2573038,1
35.31145108,139.240175,1
35.33946497,139.231981,1
35.35230386,139.210073,1
35.32581123,139.2167147,1
35.3338938,139.218192,1
35.33952222,139.2173923,1
35.15791702,139.1378491,1
35.16387467,139.1382893,1
35.15034506,139.1410498,1
35.15695303,139.1308632,1
35.16197156,139.1309536,1
35.15619397,139.1399773,1
35.14997443,139.1166306,1
35.14998226,139.117374,1
35.14597023,139.1155534,1
35.15986712,139.1146866,1
35.15372476,139.1270957,1
35.15312613,139.1272013,1
35.15600557,139.1275037,1
35.15778104,139.12339,1
35.15354858,139.1184682,1
35.15020396,139.120459,1
35.15028197,139.1204189,1
35.14928144,139.119121,1
35.14922568,139.1191765,1
35.14175871,139.0911445,1
35.14408916,139.0992105,1
35.14234324,139.0912862,1
35.14222586,139.0926282,1
35.14195988,139.085178,1
35.16127551,139.0580347,1
35.15820362,139.061688,1
35.14174213,139.0874313,1
35.14908746,139.1029438,1
35.14679247,139.106916,1
35.14624027,139.1053093,1
35.15732837,139.1096754,1
35.16085064,139.1082832,1
35.15943292,139.1064736,1
35.15974114,139.1061581,1
35.146351,139.111101,1
35.146206,139.111141,1
35.14522489,139.1132097,1
35.14464934,139.1123637,1
35.1451672,139.1118461,1
35.14705862,139.1114771,1
35.14702133,139.1080024,1
35.14756747,139.1112397,1
35.1474609,139.112099,1
35.14755791,139.112095,1
35.14926349,139.111032,1
35.14924002,139.110449,1
35.14845428,139.1104735,1
35.151098,139.1108425,1
35.15302163,139.1117838,1
35.14853652,139.1139984,1
35.14430253,139.103536,1
35.143937,139.102005,1
35.14549651,139.1034277,1
35.14472154,139.1076792,1
35.14413174,139.1074105,1
35.1437179,139.1085008,1
35.14203493,139.1098241,1
35.142773,139.104069,1
35.1428428,139.1046929,1
35.14232804,139.1003714,1
35.15143681,139.1317114,1
35.15080815,139.1335427,1
35.15275327,139.1291138,1
35.14202116,139.1118278,1
35.14364475,139.110126,1
35.14412586,139.1100364,1
35.52988652,139.3128068,1
35.52893116,139.3043028,1
35.52872627,139.3257503,1
35.52906163,139.2979754,1
35.52828182,139.2996766,1
35.52893703,139.307763,1
35.5279269,139.3189587,1
35.53332023,139.3211811,1
35.52381898,139.2996414,1
35.53676111,139.3328374,1
35.53462064,139.3269028,1
35.54445716,139.2984439,1
35.54234423,139.3004002,1
35.54889368,139.2955008,1
35.53617077,139.3085928,1
35.53998435,139.3036408,1
35.5348053,139.31196,1
35.534626,139.313322,1
35.53196038,139.31753,1
35.53270039,139.3122833,1
35.52485703,139.3290435,1
35.52439059,139.3296162,1
35.52398634,139.3326764,1
35.52091897,139.3351267,1
35.52066771,139.3337579,1
35.52341074,139.3287266,1
35.52883161,139.3336085,1
35.52949735,139.3430368,1
35.50981237,139.3354366,1
35.51856363,139.3295063,1
35.50742617,139.3390731,1
35.50647317,139.3391921,1
35.52228213,139.3420697,1
35.50873545,139.344426,1
35.51576526,139.3311917,1
35.51418941,139.3314273,1
35.50079869,139.3416273,1
35.50102059,139.3418164,1
35.51194494,139.3334284,1
35.51214893,139.3344111,1
35.5156184,139.329318,1
35.51187817,139.3354818,1
35.51046562,139.3406229,1
35.53269758,139.2875906,1
35.52875088,139.2843727,1
35.52561206,139.288561,1
35.52761761,139.2911103,1
35.52675978,139.2915912,1
35.51152818,139.3250722,1
35.53991681,139.2736106,1
35.53791732,139.2728631,1
35.53521221,139.2692652,1
35.53241107,139.2675381,1
35.53877298,139.264432,1
35.54529255,139.2675929,1
35.5435717,139.2669366,1
35.54205928,139.266396,1
35.53151183,139.2778608,1
35.53263303,139.2772537,1
35.545366,139.2646276,1
35.54094079,139.2570154,1
35.5241244,139.2313192,1
35.47789853,139.2797668,1
35.48050322,139.2772664,1
